diputadoID,nombre,distrito,avatar,url_oficial,distrito,inicio,fin,partido
1,"#, Legislador a Designar",Buenos Aires,,,,,,
10,"ABDALA de MATARAZZO, Norma Amanda",Santiago del Estero,http://www4.hcdn.gob.ar/fotos/nabdaladem_medium.jpg,http://www.diputados.gob.ar/diputados/nabdaladem/,SANTIAGO DEL ESTERO,10/12/2009,9/12/2013,FRENTE CIVICO POR SANTIAGO
100,"BERNAL, María Eugenia",Jujuy,http://www4.hcdn.gob.ar/fotos/mbernal_medium.jpg,http://www.diputados.gob.ar/diputados/mbernal/,JUJUY,10/12/2009,9/12/2013,FRENTE PARA LA VICTORIA - PJ
101,"BERNAZZA, Claudia Alicia",Buenos Aires,,,,,,
102,"BERRAUTE, Ana",Santa Fe,,,,,,
103,"BERTOL, Paula María",Cdad.Aut.Bs.As.,http://www4.hcdn.gob.ar/fotos/pbertol_medium.jpg,http://www.diputados.gob.ar/diputados/pbertol/,CIUDAD de BUENOS AIRES,10/12/2009,9/12/2013,PRO
104,"BERTOLYOTTI, Delma Noemí",Entre Ríos,,,,,,
105,"BERTONE, Rosana Andrea",Tierra del Fuego,http://www4.hcdn.gob.ar/fotos/rbertone_medium.jpg,http://www.diputados.gob.ar/diputados/rbertone/,TIERRA DEL FUEGO,10/12/2009,9/12/2013,FRENTE PARA LA VICTORIA - PJ
106,"BEVERAGGI, Margarita Beatriz",Chaco,,,,,,
107,"BIANCHI SILVESTRE, Marcela",Buenos Aires,,,,,,
108,"BIANCHI, Ivana María",San Luis,http://www4.hcdn.gob.ar/fotos/mbianchi_medium.jpg,http://www.diputados.gob.ar/diputados/mbianchi/,CIUDAD de BUENOS AIRES,10/12/2011,9/12/2015,FRENTE PARA LA VICTORIA - PJ
109,"BIANCHI, María del Carmen",Cdad.Aut.Bs.As.,http://www4.hcdn.gob.ar/fotos/ibianchi_medium.jpg,http://www.diputados.gob.ar/diputados/ibianchi/,SAN LUIS,10/12/2011,9/12/2015,FRENTE PERONISTA
11,"ABDALA, Josefina",Mendoza,,,,,,
110,"BIANCO, Lía Fabiola",Misiones,,,,,,
111,"BIDEGAIN, Gloria Mercedes",Buenos Aires,http://www4.hcdn.gob.ar/fotos/gbidegain_medium.jpg,http://www.diputados.gob.ar/diputados/gbidegain/,BUENOS AIRES,10/12/2011,9/12/2015,FRENTE PARA LA VICTORIA - PJ
112,"BIELLA CALVET, Bernardo José",Salta,http://www4.hcdn.gob.ar/fotos/bbiellac_medium.jpg,http://www.diputados.gob.ar/diputados/bbiellac/,SALTA,10/12/2011,9/12/2015,UDESO SALTA
113,"BIELSA, Rafael",Cdad.Aut.Bs.As.,,,,,,
114,"BIGLIERI, María Emilia",Santa Fe,,,,,,
115,"BINNER, Hermes",Santa Fe,,,,,,
116,"BISUTTI, Delia Beatriz",Cdad.Aut.Bs.As.,,,,,,
117,"BLANCO de PERALTA, Blanca",Santa Cruz,http://www4.hcdn.gob.ar/fotos/bblanco_medium.jpg,http://www.diputados.gob.ar/diputados/bblanco/,SANTA CRUZ,10/12/2009,9/12/2013,FRENTE PARA LA VICTORIA - PJ
118,"BLANCO, Jesus Abel",Buenos Aires,,,,,,
119,"BONACINA, Mario Hector",Santiago del Estero,,,,,,
12,"ACCASTELLO, Eduardo",Córdoba,,,,,,
120,"BONACORSI, Juan Carlos",Buenos Aires,,,,,,
121,"BONASSO, Miguel",Cdad.Aut.Bs.As.,,,,,,
122,"BORDENAVE, Marcela Antonia",Buenos Aires,,,,,,
123,"BORSANI, Luis Gustavo",Mendoza,,,,,,
124,"BORTOLOZZI de BOGADO, Adriana Raquel",Formosa,,,,,,
125,"BOSCH de SARTORI, Irene Miriam",Misiones,,,,,,
126,"BOSSA, Mauricio",Córdoba,,,,,,
127,"BRAVO, Alfredo Pedro",Cdad.Aut.Bs.As.,,,,,,
128,"BRAWER, Mara",Cdad.Aut.Bs.As.,http://www4.hcdn.gob.ar/fotos/mbrawer_medium.jpg,http://www.diputados.gob.ar/diputados/mbrawer/,CIUDAD de BUENOS AIRES,10/12/2011,9/12/2015,FRENTE PARA LA VICTORIA - PJ
129,"BREARD, Noel Eugenio",Corrientes,,,,,,
13,"ACCAVALLO, Julio César",Rio Negro,,,,,,
130,"BRILLO, José Ricardo",Neuquén,http://www4.hcdn.gob.ar/fotos/jbrillo_medium.jpg,http://www.diputados.gob.ar/diputados/jbrillo/,NEUQUEN,10/12/2009,9/12/2013,MOV POP NEUQUINO
131,"BRIOZZO, Alberto Nicolas",Buenos Aires,,,,,,
132,"BRITOS, Oraldo Norvel",San Luis,,,,,,
133,"BRIZUELA Y DORIA DE CARA, Olga Inés",La Rioja,http://www4.hcdn.gob.ar/fotos/obrizueladc_medium.jpg,http://www.diputados.gob.ar/diputados/obrizueladc/,LA RIOJA,10/12/2011,9/12/2015,UCR
134,"BROMBERG, Isaac Benjamín",Tucumán,http://www4.hcdn.gob.ar/fotos/ibromberg_medium.jpg,http://www.diputados.gob.ar/diputados/ibromberg/,TUCUMAN,10/12/2011,9/12/2015,FRENTE PARA LA VICTORIA - PJ
135,"BROWN, Carlos Ramón",Buenos Aires,http://www4.hcdn.gob.ar/fotos/cbrown_medium.jpg,http://www.diputados.gob.ar/diputados/cbrown/,BUENOS AIRES,10/12/2011,9/12/2015,FRENTE PERONISTA
136,"BRUE, Daniel Agustín",Santiago del Estero,http://www4.hcdn.gob.ar/fotos/dbrue_medium.jpg,http://www.diputados.gob.ar/diputados/dbrue/,SANTIAGO DEL ESTERO,10/12/2009,9/12/2013,FRENTE CIVICO POR SANTIAGO
137,"BUCCO, Jorge Luis",Córdoba,,,,,,
138,"BULACIO, Nancy Evangelina",Tucumán,,,,,,
139,"BULLRICH, Esteban",Cdad.Aut.Bs.As.,,,,,,
14,"ACEVEDO, Sergio Edgardo",Santa Cruz,,,,,,
140,"BULLRICH, Patricia",Cdad.Aut.Bs.As.,http://www4.hcdn.gob.ar/fotos/pbullrich_medium.jpg,http://www.diputados.gob.ar/diputados/pbullrich/,CIUDAD de BUENOS AIRES,10/12/2011,9/12/2015,UNION POR TODOS
141,"BURYAILE, Ricardo",Formosa,http://www4.hcdn.gob.ar/fotos/rburyaile_medium.jpg,http://www.diputados.gob.ar/diputados/rburyaile/,FORMOSA,10/12/2009,9/12/2013,UCR
142,"BURZACO, Eugenio",Buenos Aires,,,,,,
143,"BUSSI, Ricardo",Tucumán,,,,,,
144,"CABALLERO MARTIN, Carlos Aurelio",Santa Fe,,,,,,
145,"CACERES, Gladys Antonia",La Rioja,,,,,,
146,"CAFIERO, Mario Alejandro",Buenos Aires,,,,,,
147,"CALCAGNO, Eric",Buenos Aires,http://www4.hcdn.gob.ar/fotos/ecalcagno_medium.jpg,http://www.diputados.gob.ar/diputados/ecalcagno/,BUENOS AIRES,10/12/2011,9/12/2015,FRENTE PARA LA VICTORIA - PJ
148,"CALCHAQUI, Mariel",Tierra del Fuego,,,,,,
149,"CALVO, Pedro Jorge Camilo",Cdad.Aut.Bs.As.,,,,,,
15,"ACOSTA de AHUMADA, María Julia",Catamarca,,,,,,
150,"CALZA, Nelio Higinio",Entre Ríos,,,,,,
151,"CAMAÑO, Dante",Buenos Aires,,,,,,
152,"CAMAÑO, Eduardo Oscar",Buenos Aires,,,,,,
153,"CAMAÑO, Graciela",Buenos Aires,http://www4.hcdn.gob.ar/fotos/gcamano_medium.jpg,http://www.diputados.gob.ar/diputados/gcamano/,BUENOS AIRES,10/12/2011,9/12/2015,FRENTE PERONISTA
154,"CAMBARERI, Fortunato Rafael",Chubut,,,,,,
155,"CANELA, Susana Mercedes",Salta,,,,,,
156,"CANEVAROLO, Dante Omar",Santa Cruz,,,,,,
157,"CANTERO GUTIERREZ, Alberto",Córdoba,,,,,,
158,"CANTEROS, Gustavo Jesús Adolfo",Corrientes,,,,,,
159,"CANTINI, Guillermo Marcelo",Cdad.Aut.Bs.As.,,,,,,
16,"ACUÑA KUNZ, Juan",Santa Cruz,,,,,,
160,"CANTOS, José María",Santiago del Estero,,,,,,
161,"CAPELLO, Mario Osvaldo",San Juan,,,,,,
162,"CAPPELLERI, Pascual",Buenos Aires,,,,,,
163,"CARBONETTO, Daniel",Buenos Aires,,,,,,
164,"CARCA, Elisa Beatriz",Buenos Aires,,,,,,
165,"CARDELLI, Jorge Justo",Cdad.Aut.Bs.As.,http://www4.hcdn.gob.ar/fotos/jcardelli_medium.jpg,http://www.diputados.gob.ar/diputados/jcardelli/,CIUDAD de BUENOS AIRES,10/12/2009,9/12/2013,MOVIMIENTO PROYECTO SUR
166,"CARLOTTO, Remo Gerardo",Buenos Aires,http://www4.hcdn.gob.ar/fotos/rcarlotto_medium.jpg,http://www.diputados.gob.ar/diputados/rcarlotto/,BUENOS AIRES,10/12/2009,9/12/2013,FRENTE PARA LA VICTORIA - PJ
167,"CARMONA, Guillermo Ramón",Mendoza,http://www4.hcdn.gob.ar/fotos/gcarmona_medium.jpg,http://www.diputados.gob.ar/diputados/gcarmona/,MENDOZA,10/12/2011,9/12/2015,FRENTE PARA LA VICTORIA - PJ
168,"CARMONA, María Araceli",Corrientes,,,,,,
169,"CARRANZA, Carlos Alberto",Santa Fe,http://www4.hcdn.gob.ar/fotos/ccarranza_medium.jpg,http://www.diputados.gob.ar/diputados/ccarranza/,SANTA FE,10/12/2009,9/12/2013,FRENTE PERONISTA
17,"ACUÑA, Hugo Rodolfo",Neuquén,,,,,,
170,"CARRILLO, María Del Carmen",Tucumán,http://www4.hcdn.gob.ar/fotos/mcarrillo_medium.jpg,http://www.diputados.gob.ar/diputados/mcarrillo/,TUCUMAN,10/12/2011,9/12/2015,FRENTE PARA LA VICTORIA - PJ
171,"CARRIO, Elisa María",Cdad.Aut.Bs.As.,http://www4.hcdn.gob.ar/fotos/ecarrio_medium.jpg,http://www.diputados.gob.ar/diputados/ecarrio/,CIUDAD de BUENOS AIRES,10/12/2009,9/12/2013,COALICION CIVICA - ARI
172,"CARRIO, Elisa María",Chaco,,,,,,
173,"CASANOVAS, Jorge Osvaldo",Buenos Aires,,,,,,
174,"CASAÑAS, Juan Francisco",Tucumán,http://www4.hcdn.gob.ar/fotos/jcasanas_medium.jpg,http://www.diputados.gob.ar/diputados/jcasanas/,TUCUMAN,10/12/2009,9/12/2013,UCR
175,"CASELLES, Graciela María",San Juan,http://www4.hcdn.gob.ar/fotos/gcaselles_medium.jpg,http://www.diputados.gob.ar/diputados/gcaselles/,SAN JUAN,10/12/2011,9/12/2015,FRENTE PARA LA VICTORIA - PARTIDO BLOQUISTA
176,"CASERIO, Carlos Alberto",Córdoba,,,,,,
177,"CASSESE, Marina",Buenos Aires,,,,,,
178,"CASTALDO, Norah Susana",Tucumán,,,,,,
179,"CASTAÑON, Hugo",Rio Negro,http://www4.hcdn.gob.ar/fotos/hcastanon_medium.jpg,http://www.diputados.gob.ar/diputados/hcastanon/,RIO NEGRO,10/12/2009,9/12/2013,UCR
18,"AGOSTO, Walter",Santa Fe,,,,,,
180,"CASTELLANI, Carlos Alberto",Santa Fe,,,,,,
181,"CASTRO, Alicia Amalia",Buenos Aires,,,,,,
182,"CATALAN MAGNI, Julio César",Tierra del Fuego,http://www4.hcdn.gob.ar/fotos/jcatalanm_medium.jpg,http://www.diputados.gob.ar/diputados/jcatalanm/,TIERRA DEL FUEGO,10/12/2011,9/12/2015,FRENTE PARA LA VICTORIA - PJ
183,"CAVADINI, Eduardo",Jujuy,,,,,,
184,"CAVALLERO, Hector José",Santa Fe,,,,,,
185,"CAVIGLIA, Franco Agustin",Buenos Aires,,,,,,
186,"CECCO, Carlos Jaime",Entre Ríos,,,,,,
187,"CEJAS, Jorge Alberto",Rio Negro,http://www4.hcdn.gob.ar/fotos/jcejas_medium.jpg,http://www.diputados.gob.ar/diputados/jcejas/,RIO NEGRO,10/12/2011,9/12/2015,FRENTE PARA LA VICTORIA - PJ
188,"CERDAN, Argentina",Formosa,,,,,,
189,"CEREZO, Octavio Néstor",Catamarca,,,,,,
19,"AGUAD, Oscar Raúl",Córdoba,http://www4.hcdn.gob.ar/fotos/oaguad_medium.jpg,http://www.diputados.gob.ar/diputados/oaguad/,CORDOBA,10/12/2009,9/12/2013,UCR
190,"CESAR, Nora",Buenos Aires,,,,,,
191,"CETTOUR, Hugo Ramón",Entre Ríos,,,,,,
192,"CHAYA, María Lelia",Salta,,,,,,
193,"CHEMES, Jorge Omar",Entre Ríos,http://www4.hcdn.gob.ar/fotos/jchemes_medium.jpg,http://www.diputados.gob.ar/diputados/jchemes/,ENTRE RIOS,10/12/2009,9/12/2013,UCR
194,"CHIACCHIO, Nora Alicia",Buenos Aires,,,,,,
195,"CHIENO, María Elena",Corrientes,http://www4.hcdn.gob.ar/fotos/mchieno_medium.jpg,http://www.diputados.gob.ar/diputados/mchieno/,CORRIENTES,10/12/2009,9/12/2013,FRENTE PARA LA VICTORIA - PJ
196,"CHIQUICHANO, Rosa Laudelina",Chubut,,,,,,
197,"CHIRONI, Fernando Gustavo",Rio Negro,,,,,,
198,"CIAMPINI, José Alberto",Neuquén,http://www4.hcdn.gob.ar/fotos/aciampini_medium.jpg,http://www.diputados.gob.ar/diputados/aciampini/,NEUQUEN,10/12/2011,9/12/2015,FRENTE PARA LA VICTORIA - PJ
199,"CICILIANI, Alicia Mabel",Santa Fe,http://www4.hcdn.gob.ar/fotos/aciciliani_medium.jpg,http://www.diputados.gob.ar/diputados/aciciliani/,SANTA FE,10/12/2009,9/12/2013,PARTIDO SOCIALISTA
2,"#, Legislador a Designar",Cdad.Aut.Bs.As.,,,,,,
20,"AGUERO, Elda Susana",Buenos Aires,,,,,,
200,"CIGOGNA, Luis Francisco Jorge",Buenos Aires,http://www4.hcdn.gob.ar/fotos/lcigogna_medium.jpg,http://www.diputados.gob.ar/diputados/lcigogna/,BUENOS AIRES,10/12/2009,9/12/2013,FRENTE PARA LA VICTORIA - PJ
201,"CISTERNA, Victor Hugo",Chubut,,,,,,
202,"CITTADINI, Stella",Córdoba,,,,,,
203,"CLERI, Marcos",Santa Fe,http://www4.hcdn.gob.ar/fotos/mcleri_medium.jpg,http://www.diputados.gob.ar/diputados/mcleri/,SANTA FE,10/12/2011,9/12/2015,FRENTE PARA LA VICTORIA - PJ
204,"COIRINI, Adriana Elsa",Buenos Aires,,,,,,
205,"COLLANTES, Genaro",Catamarca,,,,,,
206,"COLOMBI, Ricardo",Corrientes,,,,,,
207,"COMELLI, Alicia Marcela",Neuquén,http://www4.hcdn.gob.ar/fotos/acomelli_medium.jpg,http://www.diputados.gob.ar/diputados/acomelli/,NEUQUEN,10/12/2011,9/12/2015,MOV POP NEUQUINO
208,"COMI, Carlos Marcelo",Santa Fe,http://www4.hcdn.gob.ar/fotos/ccomi_medium.jpg,http://www.diputados.gob.ar/diputados/ccomi/,SANTA FE,10/12/2009,9/12/2013,COALICION CIVICA - ARI
209,"CONCA, Julio Cesar",San Juan,,,,,,
21,"AGUILAR, Lino Walter",San Luis,http://www4.hcdn.gob.ar/fotos/laguilar_medium.jpg,http://www.diputados.gob.ar/diputados/laguilar/,SAN LUIS,10/12/2011,9/12/2015,FRENTE PERONISTA
210,"CONTE GRAND, Gerardo Amadeo",Cdad.Aut.Bs.As.,,,,,,
211,"CONTI, Diana Beatriz",Buenos Aires,http://www4.hcdn.gob.ar/fotos/dconti_medium.jpg,http://www.diputados.gob.ar/diputados/dconti/,BUENOS AIRES,10/12/2009,9/12/2013,FRENTE PARA LA VICTORIA - PJ
212,"CONTRERA, Mónica Graciela",Chubut,http://www4.hcdn.gob.ar/fotos/mcontrera_medium.jpg,http://www.diputados.gob.ar/diputados/mcontrera/,CHUBUT,10/12/2011,9/12/2015,FRENTE PARA LA VICTORIA - PJ
213,"CORDOBA, José Manuel",Santa Cruz,,,,,,
214,"CORDOBA, Stella Maris",Tucumán,http://www4.hcdn.gob.ar/fotos/scordoba_medium.jpg,http://www.diputados.gob.ar/diputados/scordoba/,TUCUMAN,10/12/2009,9/12/2013,FRENTE PARA LA VICTORIA - PJ
215,"CORFIELD, Guillermo Eduardo",Entre Ríos,,,,,,
216,"CORNEJO, Alfredo Victor",Mendoza,,,,,,
217,"CORREA, Elsa Haydee",Mendoza,,,,,,
218,"CORREA, Juan Carlos",Buenos Aires,,,,,,
219,"CORTINA, Roy",Cdad.Aut.Bs.As.,http://www4.hcdn.gob.ar/fotos/rcortina_medium.jpg,http://www.diputados.gob.ar/diputados/rcortina/,CIUDAD de BUENOS AIRES,10/12/2011,9/12/2015,PARTIDO SOCIALISTA
22,"AGUIRRE de SORIA, Hilda",La Rioja,,,,,,
220,"CORTINAS, Ismael Ramón",Corrientes,,,,,,
221,"COSCIA, Jorge Edmundo",Cdad.Aut.Bs.As.,,,,,,
222,"COSTA, Eduardo Raúl",Santa Cruz,http://www4.hcdn.gob.ar/fotos/ecosta_medium.jpg,http://www.diputados.gob.ar/diputados/ecosta/,SANTA CRUZ,10/12/2009,9/12/2013,UCR
223,"COSTA, Roberto Raúl",Buenos Aires,,,,,,
224,"COTO, Alberto Agustín",Buenos Aires,,,,,,
225,"COUREL, Carlos Alberto",Tucumán,,,,,,
226,"CREMER de BUSTI, María Cristina",Entre Ríos,http://www4.hcdn.gob.ar/fotos/mcremer_medium.jpg,http://www.diputados.gob.ar/diputados/mcremer/,ENTRE RIOS,10/12/2009,9/12/2013,FRENTE PERONISTA
227,"CUCCOVILLO, Ricardo Oscar",Buenos Aires,http://www4.hcdn.gob.ar/fotos/rcuccovillo_medium.jpg,http://www.diputados.gob.ar/diputados/rcuccovillo/,BUENOS AIRES,10/12/2011,9/12/2015,PARTIDO SOCIALISTA
228,"CUEVAS, Hugo Oscar",Rio Negro,,,,,,
229,"CURRILEN, Oscar Rubén",Chubut,http://www4.hcdn.gob.ar/fotos/ocurrilen_medium.jpg,http://www.diputados.gob.ar/diputados/ocurrilen/,CHUBUT,10/12/2009,9/12/2013,FRENTE PARA LA VICTORIA - PJ
23,"ALARCIA, Martha Carmen",Córdoba,,,,,,
230,"CUSINATO, José César Gustavo",Entre Ríos,,,,,,
231,"DAHER, Zulema Beatríz",Salta,,,,,,
232,"DALLA FONTANA, Ariel",Santa Fe,,,,,,
233,"DAMIANI, Hernán Norberto Luis",Misiones,,,,,,
234,"DAMILANO GRIVARELLO, Viviana Mónica",Chaco,,,,,,
235,"DATO, Alfredo Carlos",Tucumán,http://www4.hcdn.gob.ar/fotos/adato_medium.jpg,http://www.diputados.gob.ar/diputados/adato/,TUCUMAN,10/12/2011,9/12/2015,FRENTE PARA LA VICTORIA - PJ
236,"DAUD, Jorge Carlos",Entre Ríos,,,,,,
237,"DAZA, Héctor Rubén",Jujuy,,,,,,
238,"DE BERNARDI, Eduardo",Chubut,,,,,,
239,"DE BRASI, Marta Susana",Cdad.Aut.Bs.As.,,,,,,
24,"ALARCON, María del Carmen",Santa Fe,,,,,,
240,"De FERRARI RUEDA, Patricia",Córdoba,http://www4.hcdn.gob.ar/fotos/pdeferrarir_medium.jpg,http://www.diputados.gob.ar/diputados/pdeferrarir/,CORDOBA,10/12/2011,9/12/2015,UCR
241,"De GENNARO, Victor Norberto",Buenos Aires,http://www4.hcdn.gob.ar/fotos/vdegennaro_medium.jpg,http://www.diputados.gob.ar/diputados/vdegennaro/,BUENOS AIRES,10/12/2011,9/12/2015,UNIDAD POPULAR
242,"DE LA BARRERA, Guillermo",Catamarca,,,,,,
243,"DE LA ROSA, Maria Graciela",Formosa,,,,,,
244,"DE MARCHI, Omar Bruno",Mendoza,http://www4.hcdn.gob.ar/fotos/odemarchi_medium.jpg,http://www.diputados.gob.ar/diputados/odemarchi/,MENDOZA,10/12/2009,9/12/2013,DEMOCRATA DE MENDOZA
245,"DE NARVAEZ, Francisco",Buenos Aires,http://www4.hcdn.gob.ar/fotos/fdenarvaez_medium.jpg,http://www.diputados.gob.ar/diputados/fdenarvaez/,BUENOS AIRES,10/12/2009,9/12/2013,FRENTE PERONISTA
246,"DE NUCCIO, Fabián",Buenos Aires,,,,,,
247,"de PEDRO, Eduardo Enrique",Buenos Aires,http://www4.hcdn.gob.ar/fotos/edepedro_medium.jpg,http://www.diputados.gob.ar/diputados/edepedro/,BUENOS AIRES,10/12/2011,9/12/2015,FRENTE PARA LA VICTORIA - PJ
248,"de PRAT GAY, Alfonso",Cdad.Aut.Bs.As.,http://www4.hcdn.gob.ar/fotos/apratgay_medium.jpg,http://www.diputados.gob.ar/diputados/apratgay/,CIUDAD de BUENOS AIRES,10/12/2009,9/12/2013,COALICION CIVICA - ARI
249,"DEL CAMPILLO, Héctor Eduardo",Córdoba,,,,,,
25,"ALBARRACIN, Jorge Luis",Mendoza,http://www4.hcdn.gob.ar/fotos/jalbarracin_medium.jpg,http://www.diputados.gob.ar/diputados/jalbarracin/,MENDOZA,10/12/2009,9/12/2013,UCR
250,"DEL RICCIO, Ana María del Carmen",Formosa,,,,,,
251,"DELAJONQUIERE, Nelson",Santa Fe,,,,,,
252,"DELICH, Francisco",Córdoba,,,,,,
253,"DELLEPIANE, Carlos Francisco",Buenos Aires,,,,,,
254,"DEPETRI, Edgardo Fernando",Buenos Aires,http://www4.hcdn.gob.ar/fotos/edepetri_medium.jpg,http://www.diputados.gob.ar/diputados/edepetri/,BUENOS AIRES,10/12/2009,9/12/2013,FRENTE PARA LA VICTORIA - PJ
255,"DI BENEDETTO, Gustavo Daniel",Chubut,,,,,,
256,"DI COLA, Eduardo Román",Córdoba,,,,,,
257,"DI LANDRO, Oscar Jorge",Buenos Aires,,,,,,
258,"DI LEO, Marta Isabel",Buenos Aires,,,,,,
259,"DI POLLINA, Eduardo Alfredo",Santa Fe,,,,,,
26,"ALBRIEU, Oscar Edmundo Nicolas",Rio Negro,http://www4.hcdn.gob.ar/fotos/oalbrieu_medium.jpg,http://www.diputados.gob.ar/diputados/oalbrieu/,RIO NEGRO,10/12/2009,9/12/2013,FRENTE PARA LA VICTORIA - PJ
260,"di TULLIO, Juliana",Buenos Aires,http://www4.hcdn.gob.ar/fotos/jditullio_medium.jpg,http://www.diputados.gob.ar/diputados/jditullio/,BUENOS AIRES,10/12/2009,9/12/2013,FRENTE PARA LA VICTORIA - PJ
261,"DIAZ BANCALARI, José María",Buenos Aires,http://www4.hcdn.gob.ar/fotos/jdiaz_medium.jpg,http://www.diputados.gob.ar/diputados/jdiaz/,BUENOS AIRES,10/12/2011,9/12/2015,FRENTE PARA LA VICTORIA - PJ
262,"DIAZ COLODRERO, Agustín",Corrientes,,,,,,
263,"DIAZ ROIG, Juan Carlos",Formosa,http://www4.hcdn.gob.ar/fotos/jdiazr_medium.jpg,http://www.diputados.gob.ar/diputados/jdiazr/,FORMOSA,10/12/2009,9/12/2013,FRENTE PARA LA VICTORIA - PJ
264,"DIAZ, Susana Eladia",Tucumán,,,,,,
265,"DIEZ, María Inés",Salta,,,,,,
266,"DOGA, María Nélida",Buenos Aires,,,,,,
267,"DOMINGUEZ, Julián Andrés",Buenos Aires,http://www4.hcdn.gob.ar/fotos/jdominguez_medium.jpg,http://www.diputados.gob.ar/diputados/jdominguez/,BUENOS AIRES,10/12/2011,9/12/2015,FRENTE PARA LA VICTORIA - PJ
268,"DONDA PEREZ, Victoria Analía",Buenos Aires,http://www4.hcdn.gob.ar/fotos/vdondap_medium.jpg,http://www.diputados.gob.ar/diputados/vdondap/,BUENOS AIRES,10/12/2011,9/12/2015,LIBRES DEL SUR
269,"DONKIN, Carlos Guillermo",Formosa,http://www4.hcdn.gob.ar/fotos/cdonkin_medium.jpg,http://www.diputados.gob.ar/diputados/cdonkin/,FORMOSA,10/12/2011,9/12/2015,FRENTE PARA LA VICTORIA - PJ
27,"ALBRISI, César Alfredo",Córdoba,,,,,,
270,"DOVENA, Miguel Dante",Buenos Aires,,,,,,
271,"DRAGAN, Marcelo Luis",Tierra del Fuego,,,,,,
272,"DUCLOS, Omar Arnaldo",Buenos Aires,http://www4.hcdn.gob.ar/fotos/oduclos_medium.jpg,http://www.diputados.gob.ar/diputados/oduclos/,BUENOS AIRES,10/12/2011,9/12/2015,GEN
273,"DUTTO, Gustavo Alberto",Buenos Aires,,,,,,
274,"ELICECHE, Carlos Tomas",Chubut,,,,,,
275,"ELIZONDO, Dante",San Juan,,,,,,
276,"ELORRIAGA, Osvaldo Enrique",Entre Ríos,http://www4.hcdn.gob.ar/fotos/oelorriaga_medium.jpg,http://www.diputados.gob.ar/diputados/oelorriaga/,ENTRE RIOS,10/12/2011,9/12/2015,FRENTE PARA LA VICTORIA - PJ
277,"ERRO, Norberto Pedro",Buenos Aires,,,,,,
278,"ESAIN, Daniel Martín",Mendoza,,,,,,
279,"ESCOBAR, Jorge Alberto",San Juan,,,,,,
28,"ALCHOURON, Guillermo Eduardo",Buenos Aires,,,,,,
280,"ESPINDOLA, Gladys Susana",Córdoba,http://www4.hcdn.gob.ar/fotos/gespindola_medium.jpg,http://www.diputados.gob.ar/diputados/gespindola/,CORDOBA,10/12/2009,9/12/2013,UCR
281,"ESTEBAN, Silvia Graciela",Santa Cruz,,,,,,
282,"FABRIS, Luciano",Chaco,,,,,,
283,"FADEL, Patricia Susana",Mendoza,,,,,,
284,"FADUL, Liliana",Tierra del Fuego,http://www4.hcdn.gob.ar/fotos/lfadul_medium.jpg,http://www.diputados.gob.ar/diputados/lfadul/,TIERRA DEL FUEGO,10/12/2009,9/12/2013,PARTIDO FEDERAL FUEGUINO
285,"FALBO, María del Carmen",Buenos Aires,,,,,,
286,"FALU, José Ricardo",Tucumán,,,,,,
287,"FAUSTINELLI, Hipólito",Córdoba,http://www4.hcdn.gob.ar/fotos/hfaustinelli_medium.jpg,http://www.diputados.gob.ar/diputados/hfaustinelli/,CORDOBA,10/12/2009,9/12/2013,UCR
288,"FAVARIO, Carlos Alberto",Santa Fe,http://www4.hcdn.gob.ar/fotos/cfavario_medium.jpg,http://www.diputados.gob.ar/diputados/cfavario/,SANTA FE,10/12/2009,9/12/2013,DEMOCRATA PROGRESISTA
289,"FAYAD, Victor Manuel Federico",Mendoza,,,,,,
29,"ALCUAZ, Horacio Alberto",Buenos Aires,,,,,,
290,"FEIN, Mónica Hayde",Santa Fe,,,,,,
291,"FELETTI, Roberto José",Cdad.Aut.Bs.As.,http://www4.hcdn.gob.ar/fotos/rfeletti_medium.jpg,http://www.diputados.gob.ar/diputados/rfeletti/,CIUDAD de BUENOS AIRES,10/12/2011,9/12/2015,FRENTE PARA LA VICTORIA - PJ
292,"FELIX, Omar",Mendoza,http://www4.hcdn.gob.ar/fotos/ofelix_medium.jpg,http://www.diputados.gob.ar/diputados/ofelix/,MENDOZA,10/12/2009,9/12/2013,FRENTE PARA LA VICTORIA - PJ
293,"FELLNER, Eduardo Alfredo",Jujuy,,,,,,
294,"FELLNER, Liliana",Jujuy,,,,,,
295,"FERNANDEZ BASUALDO, Luis María",Formosa,,,,,,
296,"FERNANDEZ LIMIA, Adan Noé",Córdoba,,,,,,
297,"FERNANDEZ SAGASTI, Anabel",Mendoza,http://www4.hcdn.gob.ar/fotos/afernandezs_medium.jpg,http://www.diputados.gob.ar/diputados/afernandezs/,MENDOZA,10/12/2011,9/12/2015,FRENTE PARA LA VICTORIA - PJ
298,"FERNANDEZ VALONI, José Luis",Cdad.Aut.Bs.As.,,,,,,
299,"FERNANDEZ, Alfredo Cesar",Mendoza,,,,,,
3,"#, Legislador a Designar",Chubut,,,,,,
30,"ALESANDRI, Carlos Tomas",Córdoba,,,,,,
300,"FERNANDEZ, Horacio Anibal",La Pampa,,,,,,
301,"FERNANDEZ, Marcelo Omar",Buenos Aires,,,,,,
302,"FERNANDEZ, Rodolfo Alfredo",Corrientes,http://www4.hcdn.gob.ar/fotos/rfernandez_medium.jpg,http://www.diputados.gob.ar/diputados/rfernandez/,CORRIENTES,10/12/2009,9/12/2013,UCR
303,"FERRA DE BARTOL, Margarita",San Juan,http://www4.hcdn.gob.ar/fotos/mferra_medium.jpg,http://www.diputados.gob.ar/diputados/mferra/,SAN JUAN,10/12/2009,9/12/2013,FRENTE PARA LA VICTORIA - PJ
304,"FERRARI de GRAND, Teresa Hortensia",Entre Ríos,,,,,,
305,"FERRARI, Gustavo Alfredo",Buenos Aires,http://www4.hcdn.gob.ar/fotos/gferrari_medium.jpg,http://www.diputados.gob.ar/diputados/gferrari/,BUENOS AIRES,10/12/2009,9/12/2013,FRENTE PERONISTA
306,"FERRERO, Fernanda",Cdad.Aut.Bs.As.,,,,,,
307,"FERREYRA, Araceli",Corrientes,http://www4.hcdn.gob.ar/fotos/aferreyra_medium.jpg,http://www.diputados.gob.ar/diputados/aferreyra/,CORRIENTES,10/12/2011,9/12/2015,FRENTE PARA LA VICTORIA - PJ
308,"FERRI, Gustavo Enrique",Buenos Aires,,,,,,
309,"FERRIGNO OBARRIO, Santiago",La Pampa,,,,,,
31,"ALESSANDRO, Dario Pedro",Cdad.Aut.Bs.As.,,,,,,
310,"FERRIN, María Teresa",Jujuy,,,,,,
311,"FERRO, Francisco José",Buenos Aires,,,,,,
312,"FIAD, Mario Raymundo",Jujuy,http://www4.hcdn.gob.ar/fotos/mfiad_medium.jpg,http://www.diputados.gob.ar/diputados/mfiad/,JUJUY,10/12/2009,9/12/2013,UCR
313,"FIGUEROA, José Oscar",Santiago del Estero,,,,,,
314,"FILOMENO, Alejandro Oscar",Buenos Aires,,,,,,
315,"FIOL, Paulina Esther",Santa Fe,,,,,,
316,"FIORE VIÑUALES, María Cristina del Valle",Salta,http://www4.hcdn.gob.ar/fotos/mfiorev_medium.jpg,http://www.diputados.gob.ar/diputados/mfiorev/,SALTA,10/12/2011,9/12/2015,RENOVADOR DE SALTA
317,"FLORES, Héctor",Buenos Aires,,,,,,
318,"FOGLIA, Teresa Beatriz",Córdoba,,,,,,
319,"FONTDEVILA, Pablo Antonio",Buenos Aires,,,,,,
32,"ALFARO, Germán Enrique",Tucumán,,,,,,
320,"FORCONI, Juan Carlos",Santa Fe,http://www4.hcdn.gob.ar/fotos/jforconi_medium.jpg,http://www.diputados.gob.ar/diputados/jforconi/,SANTA FE,10/12/2009,9/12/2013,FRENTE PARA LA VICTORIA - PJ
321,"FORESI, Irma Amelia",Santa Fe,,,,,,
322,"FORTE, Ulises Umberto",La Pampa,http://www4.hcdn.gob.ar/fotos/uforte_medium.jpg,http://www.diputados.gob.ar/diputados/uforte/,LA PAMPA,10/12/2009,9/12/2013,UCR
323,"FORTUNA, Francisco José",Córdoba,http://www4.hcdn.gob.ar/fotos/ffortuna_medium.jpg,http://www.diputados.gob.ar/diputados/ffortuna/,CORDOBA,10/12/2009,9/12/2013,CORDOBA FEDERAL
324,"FRANCIONI, Fabián Marcelo",Córdoba,http://www4.hcdn.gob.ar/fotos/ffrancioni_medium.jpg,http://www.diputados.gob.ar/diputados/ffrancioni/,CORDOBA,10/12/2011,9/12/2015,FRENTE PARA LA VICTORIA - PJ
325,"FRANCO, Hugo Alberto",Buenos Aires,,,,,,
326,"FRIGERI, Rodolfo Anibal",Buenos Aires,,,,,,
327,"GALANTINI, Eduardo",Corrientes,,,,,,
328,"GALLARDO, Miriam Graciela del Valle",Tucumán,http://www4.hcdn.gob.ar/fotos/mgallardo_medium.jpg,http://www.diputados.gob.ar/diputados/mgallardo/,TUCUMAN,10/12/2009,9/12/2013,FRENTE PARA LA VICTORIA - PJ
329,"GALLO, Daniel Oscar",Tierra del Fuego,,,,,,
33,"ALFONSIN, Ricardo Luis",Buenos Aires,http://www4.hcdn.gob.ar/fotos/ralfonsin_medium.jpg,http://www.diputados.gob.ar/diputados/ralfonsin/,BUENOS AIRES,10/12/2009,9/12/2013,UCR
330,"GALVALISI, Luis Alberto",Cdad.Aut.Bs.As.,,,,,,
331,"GAMBARO, Natalia",Buenos Aires,http://www4.hcdn.gob.ar/fotos/ngambaro_medium.jpg,http://www.diputados.gob.ar/diputados/ngambaro/,BUENOS AIRES,10/12/2009,9/12/2013,FRENTE PERONISTA
332,"GARCIA de MORENO, Eva",Chubut,,,,,,
333,"GARCIA HAMILTON, José Ignacio",Tucumán,,,,,,
334,"GARCIA LARRABURU, Silvina Marcela",Rio Negro,http://www4.hcdn.gob.ar/fotos/sgarcial_medium.jpg,http://www.diputados.gob.ar/diputados/sgarcial/,RIO NEGRO,10/12/2011,9/12/2015,FRENTE PARA LA VICTORIA - PJ
335,"GARCIA MENDEZ, Emilio",Cdad.Aut.Bs.As.,,,,,,
336,"GARCIA MERIDA, Miguel Angel",Buenos Aires,,,,,,
337,"GARCIA, Andrea Fabiana",Buenos Aires,http://www4.hcdn.gob.ar/fotos/agarcia_medium.jpg,http://www.diputados.gob.ar/diputados/agarcia/,BUENOS AIRES,10/12/2011,9/12/2015,FRENTE PARA LA VICTORIA - PJ
338,"GARCIA, Eduardo Daniel",Córdoba,,,,,,
339,"GARCIA, Irma Adriana",La Pampa,,,,,,
34,"ALIZEGUI, Antonio Anibal",Entre Ríos,,,,,,
340,"GARCIA, María Teresa",Buenos Aires,http://www4.hcdn.gob.ar/fotos/mgarcia_medium.jpg,http://www.diputados.gob.ar/diputados/mgarcia/,BUENOS AIRES,10/12/2009,9/12/2013,FRENTE PARA LA VICTORIA - PJ
341,"GARCIA, Susana Rosa",Santa Fe,,,,,,
342,"GARDELLA, Patricia Susana",Buenos Aires,,,,,,
343,"GARIN de TULA, Lucia",Catamarca,,,,,,
344,"GARNERO, Estela Ramona",Córdoba,http://www4.hcdn.gob.ar/fotos/egarnero_medium.jpg,http://www.diputados.gob.ar/diputados/egarnero/,CORDOBA,10/12/2009,9/12/2013,CORDOBA FEDERAL
345,"GARRAMUÑO, Jorge Alberto",Tierra del Fuego,http://www4.hcdn.gob.ar/fotos/jgarramuno_medium.jpg,http://www.diputados.gob.ar/diputados/jgarramuno/,TIERRA DEL FUEGO,10/12/2011,9/12/2015,MOV POP FUEGUINO
346,"GARRE, Nilda Celia",Cdad.Aut.Bs.As.,,,,,,
347,"GARRIDO ARCEO, Jorge Antonio",Buenos Aires,,,,,,
348,"GARRIDO, Manuel",Cdad.Aut.Bs.As.,http://www4.hcdn.gob.ar/fotos/mgarrido_medium.jpg,http://www.diputados.gob.ar/diputados/mgarrido/,CIUDAD de BUENOS AIRES,10/12/2011,9/12/2015,UCR
349,"GASTAÑAGA, Graciela Ines",Buenos Aires,,,,,,
35,"ALLENDE, Alfredo Estanislao",Buenos Aires,,,,,,
350,"GDANSKY, Carlos Enrique",Buenos Aires,http://www4.hcdn.gob.ar/fotos/cgdansky_medium.jpg,http://www.diputados.gob.ar/diputados/cgdansky/,BUENOS AIRES,10/12/2011,9/12/2015,FRENTE PARA LA VICTORIA - PJ
351,"GEIJO, Angel Oscar",Chaco,,,,,,
352,"GENEM, Amanda Susana",Mendoza,,,,,,
353,"GENNARO, Victor",Buenos Aires,,,,,,
354,"GEREZ, Elda Ramona",Santa Fe,,,,,,
355,"GERMANO, Daniel",Santa Fe,http://www4.hcdn.gob.ar/fotos/dgermano_medium.jpg,http://www.diputados.gob.ar/diputados/dgermano/,SANTA FE,10/12/2009,9/12/2013,FRENTE PERONISTA
356,"GIACCONE, Claudia Alejandra",Santa Fe,http://www4.hcdn.gob.ar/fotos/cgiaccone_medium.jpg,http://www.diputados.gob.ar/diputados/cgiaccone/,SANTA FE,10/12/2011,9/12/2015,FRENTE PARA LA VICTORIA - PJ
357,"GIACOMINO, Daniel Oscar",Córdoba,http://www4.hcdn.gob.ar/fotos/dgiacomino_medium.jpg,http://www.diputados.gob.ar/diputados/dgiacomino/,CORDOBA,10/12/2011,9/12/2015,FRENTE PARA LA VICTORIA - PJ
358,"GIANNETTASIO, Graciela María",Buenos Aires,http://www4.hcdn.gob.ar/fotos/ggiannettasio_medium.jpg,http://www.diputados.gob.ar/diputados/ggiannettasio/,BUENOS AIRES,10/12/2011,9/12/2015,FRENTE PARA LA VICTORIA - PJ
359,"GIL LAVEDRA, Ricardo Rodolfo",Cdad.Aut.Bs.As.,http://www4.hcdn.gob.ar/fotos/rgill_medium.jpg,http://www.diputados.gob.ar/diputados/rgill/,CIUDAD de BUENOS AIRES,10/12/2009,9/12/2013,UCR
36,"ALONSO, Gumersindo Federico",Córdoba,http://www4.hcdn.gob.ar/fotos/galonso_medium.jpg,http://www.diputados.gob.ar/diputados/galonso/,CORDOBA,10/12/2009,9/12/2013,FRENTE CIVICO - CORDOBA
360,"GIL LOZANO, Claudia Fernanda",Cdad.Aut.Bs.As.,,,,,,
361,"GINZBURG, Nora",Cdad.Aut.Bs.As.,,,,,,
362,"GIOJA, Juan Carlos",San Juan,,,,,,
363,"GIORGETTI, Jorge Raúl",Santa Fe,,,,,,
364,"GIUBERGIA, Miguel Angel",Jujuy,http://www4.hcdn.gob.ar/fotos/mgiubergia_medium.jpg,http://www.diputados.gob.ar/diputados/mgiubergia/,JUJUY,10/12/2011,9/12/2015,UCR
365,"GIUDICI, Silvana Myriam",Cdad.Aut.Bs.As.,,,,,,
366,"GIUSTINIANI, Rubén Hector",Santa Fe,,,,,,
367,"GODOY, Juan Carlos",Entre Ríos,,,,,,
368,"GODOY, Ruperto Eduardo",San Juan,,,,,,
369,"GOMEZ, Ricardo Carmelo",Buenos Aires,,,,,,
37,"ALONSO, Laura",Cdad.Aut.Bs.As.,http://www4.hcdn.gob.ar/fotos/lalonso_medium.jpg,http://www.diputados.gob.ar/diputados/lalonso/,CIUDAD de BUENOS AIRES,10/12/2009,9/12/2013,PRO
370,"GONZALEZ de DUHALDE, Hilda",Buenos Aires,,,,,,
371,"GONZALEZ, Gladys Esther",Buenos Aires,http://www4.hcdn.gob.ar/fotos/ggonzalez_medium.jpg,http://www.diputados.gob.ar/diputados/ggonzalez/,BUENOS AIRES,10/12/2009,9/12/2013,PRO
372,"GONZALEZ, Jorge Pedro",Santa Fe,http://www4.hcdn.gob.ar/fotos/jgonzalez_medium.jpg,http://www.diputados.gob.ar/diputados/jgonzalez/,MENDOZA,10/12/2011,9/12/2015,FRENTE PARA LA VICTORIA - PJ
373,"GONZALEZ, Juan Dante",Mendoza,,,,,,
374,"GONZALEZ, María América",Cdad.Aut.Bs.As.,,,,,,
375,"GONZALEZ, Nancy Susana",Chubut,http://www4.hcdn.gob.ar/fotos/ngonzalez_medium.jpg,http://www.diputados.gob.ar/diputados/ngonzalez/,CHUBUT,10/12/2009,9/12/2013,FRENTE PARA LA VICTORIA - PJ
376,"GONZALEZ, Oscar Felix",Córdoba,,,,,,
377,"GONZALEZ, Oscar Roberto",Buenos Aires,,,,,,
378,"GONZALEZ, Rafael Alfredo",Chaco,,,,,,
379,"GORBACZ, Leonardo Ariel",Tierra del Fuego,,,,,,
38,"ALONSO, María Luz",La Pampa,http://www4.hcdn.gob.ar/fotos/malonso_medium.jpg,http://www.diputados.gob.ar/diputados/malonso/,LA PAMPA,10/12/2011,9/12/2015,FRENTE PARA LA VICTORIA - PJ
380,"GOY, Beatriz Norma",Chaco,,,,,,
381,"GRANADOS, Dulce",Buenos Aires,http://www4.hcdn.gob.ar/fotos/dgranados_medium.jpg,http://www.diputados.gob.ar/diputados/dgranados/,BUENOS AIRES,10/12/2009,9/12/2013,FRENTE PARA LA VICTORIA - PJ
382,"GRIBAUDO, Christian Alejandro",Buenos Aires,,,,,,
383,"GROSSO, Edgardo Roger Miguel",Córdoba,,,,,,
384,"GROSSO, Leonardo",Buenos Aires,http://www4.hcdn.gob.ar/fotos/lgrosso_medium.jpg,http://www.diputados.gob.ar/diputados/lgrosso/,BUENOS AIRES,10/12/2011,9/12/2015,FRENTE PARA LA VICTORIA - PJ
385,"GUCCIONE, José Daniel",Misiones,http://www4.hcdn.gob.ar/fotos/jguccione_medium.jpg,http://www.diputados.gob.ar/diputados/jguccione/,MISIONES,10/12/2011,9/12/2015,FRENTE PARA LA VICTORIA - PJ
386,"GUERCI de SIUFI, Beatriz Elvira",Jujuy,,,,,,
387,"GULLO, Juan Carlos Dante",Cdad.Aut.Bs.As.,,,,,,
388,"GUTIERREZ, Alicia Veronica",Santa Fe,,,,,,
389,"GUTIERREZ, Francisco Virgilio",Buenos Aires,,,,,,
39,"ALVAREZ RODRIGUEZ, Cristina",Buenos Aires,,,,,,
390,"GUTIERREZ, Graciela Beatriz",Santa Cruz,,,,,,
391,"GUTIERREZ, Gustavo Eduardo",Mendoza,,,,,,
392,"GUTIERREZ, Julio César",Santa Fe,,,,,,
393,"GUTIERREZ, Mónica Edith",Córdoba,http://www4.hcdn.gob.ar/fotos/mgutierrez_medium.jpg,http://www.diputados.gob.ar/diputados/mgutierrez/,CORDOBA,10/12/2011,9/12/2015,FRENTE PARA LA VICTORIA - PJ
394,"GUZMAN, Olga Elizabeth",Neuquén,http://www4.hcdn.gob.ar/fotos/oguzman_medium.jpg,http://www.diputados.gob.ar/diputados/oguzman/,NEUQUEN,10/12/2009,9/12/2013,MOV POP NEUQUINO
395,"HALAK, Beatriz Susana",Córdoba,,,,,,
396,"HARISPE, Gastón",Buenos Aires,http://www4.hcdn.gob.ar/fotos/gharispe_medium.jpg,http://www.diputados.gob.ar/diputados/gharispe/,BUENOS AIRES,10/12/2011,9/12/2015,FRENTE NUEVO ENCUENTRO
397,"HELLER, Carlos",Cdad.Aut.Bs.As.,http://www4.hcdn.gob.ar/fotos/cheller_medium.jpg,http://www.diputados.gob.ar/diputados/cheller/,CIUDAD de BUENOS AIRES,10/12/2009,9/12/2013,FRENTE NUEVO ENCUENTRO
398,"HEREDIA, Arturo Miguel",Córdoba,,,,,,
399,"HERNANDEZ, Cinthyia Gabriela",Rio Negro,,,,,,
4,"#, Legislador a Designar",Córdoba,,,,,,
40,"ALVAREZ, Elsa María",Santa Cruz,http://www4.hcdn.gob.ar/fotos/ealvarez_medium.jpg,http://www.diputados.gob.ar/diputados/ealvarez/,SANTA CRUZ,10/12/2009,9/12/2013,UCR
400,"HERNANDEZ, Simón Fermín",Catamarca,,,,,,
401,"HERRERA, Alberto",Tucumán,,,,,,
402,"HERRERA, Griselda Noemí",La Rioja,http://www4.hcdn.gob.ar/fotos/jherrera_medium.jpg,http://www.diputados.gob.ar/diputados/jherrera/,SANTIAGO DEL ESTERO,10/12/2011,9/12/2015,FRENTE CIVICO POR SANTIAGO
403,"HERRERA, José Alberto",Santiago del Estero,http://www4.hcdn.gob.ar/fotos/gherrera_medium.jpg,http://www.diputados.gob.ar/diputados/gherrera/,LA RIOJA,10/12/2011,9/12/2015,FRENTE PARA LA VICTORIA - PJ
404,"HERZOVICH, María Elena",Entre Ríos,,,,,,
405,"HONCHERUK, Atlanto",Chaco,,,,,,
406,"HOTTON, Cynthia Liliana",Cdad.Aut.Bs.As.,,,,,,
407,"HUMADA, Julio Cesar",Misiones,,,,,,
408,"IANNI, Ana María",Santa Cruz,http://www4.hcdn.gob.ar/fotos/aianni_medium.jpg,http://www.diputados.gob.ar/diputados/aianni/,SANTA CRUZ,10/12/2011,9/12/2015,FRENTE PARA LA VICTORIA - PJ
409,"IBARRA, Eduardo Mauricio",San Juan,http://www4.hcdn.gob.ar/fotos/eibarra_medium.jpg,http://www.diputados.gob.ar/diputados/eibarra/,SAN JUAN,10/12/2009,9/12/2013,UNION POR SAN JUAN
41,"ALVAREZ, Jorge Mario",Santa Fe,http://www4.hcdn.gob.ar/fotos/jmalvarez_medium.jpg,http://www.diputados.gob.ar/diputados/jmalvarez/,SANTA FE,10/12/2009,9/12/2013,UCR
410,"IBARRA, Mauricio",San Juan,,,,,,
411,"IBARRA, Vilma Lidia",Cdad.Aut.Bs.As.,,,,,,
412,"IGLESIAS, Fernando Adolfo",Cdad.Aut.Bs.As.,,,,,,
413,"IGLESIAS, Roberto Raul",Mendoza,,,,,,
414,"ILARREGUI, Luis Alfredo",Buenos Aires,,,,,,
415,"INGRAM, Roddy Ernesto",Chubut,,,,,,
416,"INSFRAN, Miguel Angel",Formosa,,,,,,
417,"IPARRAGUIRRE, Carlos Raúl",Santa Fe,,,,,,
418,"IRRAZABAL, Juan Manuel",Misiones,,,,,,
419,"ISLA de SARACENI, Celia Anita",Misiones,,,,,,
42,"ALVAREZ, Juan José",Buenos Aires,,,,,,
420,"ITURRASPE, Nora Graciela",Buenos Aires,http://www4.hcdn.gob.ar/fotos/giturraspe_medium.jpg,http://www.diputados.gob.ar/diputados/giturraspe/,BUENOS AIRES,10/12/2009,9/12/2013,UNIDAD POPULAR
421,"ITURRIETA, Miguel Angel",Misiones,,,,,,
422,"JALIL, Luis Julián",Neuquén,,,,,,
423,"JANO, Ricardo Javier",Buenos Aires,,,,,,
424,"JAROSLAVSKY, Gracia Maria",Entre Ríos,,,,,,
425,"JARQUE, Margarita Ofelia",Buenos Aires,,,,,,
426,"JEREZ, Esteban Eduardo",Tucumán,,,,,,
427,"JEREZ, Eusebia Antonia",Tucumán,,,,,,
428,"JOBE, Miguel Antonio",Buenos Aires,,,,,,
429,"JOHNSON, Guillermo",Córdoba,,,,,,
43,"ALVAREZ, Roque Tobías",Tucumán,,,,,,
430,"JUNIO, Juan Carlos Isaac",Cdad.Aut.Bs.As.,http://www4.hcdn.gob.ar/fotos/jcjunio_medium.jpg,http://www.diputados.gob.ar/diputados/jcjunio/,CIUDAD de BUENOS AIRES,10/12/2011,9/12/2015,FRENTE NUEVO ENCUENTRO
431,"JURI, Mariana",Mendoza,http://www4.hcdn.gob.ar/fotos/mjuri_medium.jpg,http://www.diputados.gob.ar/diputados/mjuri/,MENDOZA,10/12/2009,9/12/2013,UCR
432,"KAKUBUR, Emilio",Misiones,,,,,,
433,"KATZ, Daniel",Buenos Aires,,,,,,
434,"KENNY, Eduardo Enrique Federico",La Pampa,,,,,,
435,"KIRCHNER, Néstor Carlos",Buenos Aires,,,,,,
436,"KORENFELD, Beatriz Liliana",Santa Cruz,,,,,,
437,"KOSINER, Pablo Francisco Juan",Salta,http://www4.hcdn.gob.ar/fotos/pkosiner_medium.jpg,http://www.diputados.gob.ar/diputados/pkosiner/,SALTA,10/12/2011,9/12/2015,FRENTE PARA LA VICTORIA - PJ
438,"KRONEBERGER, Daniel Ricardo",La Pampa,http://www4.hcdn.gob.ar/fotos/dkroneberger_medium.jpg,http://www.diputados.gob.ar/diputados/dkroneberger/,LA PAMPA,10/12/2011,9/12/2015,UCR
439,"KUNEY, Mónica Adriana",Santa Cruz,,,,,,
44,"ALVARO, Héctor Jorge",Mendoza,,,,,,
440,"KUNKEL, Carlos Miguel",Buenos Aires,http://www4.hcdn.gob.ar/fotos/ckunkel_medium.jpg,http://www.diputados.gob.ar/diputados/ckunkel/,BUENOS AIRES,10/12/2009,9/12/2013,FRENTE PARA LA VICTORIA - PJ
441,"LAFALLA, Arturo Pedro",Mendoza,,,,,,
442,"LAMBERTO, Oscar Santiago",Santa Fe,,,,,,
443,"LAMISOVSKY, Arnaldo",Córdoba,,,,,,
444,"LANCETA, Rubén Orfel",Buenos Aires,,,,,,
445,"LANDAU, Jorge Alberto",Buenos Aires,http://www4.hcdn.gob.ar/fotos/jlandau_medium.jpg,http://www.diputados.gob.ar/diputados/jlandau/,BUENOS AIRES,10/12/2011,9/12/2015,FRENTE PARA LA VICTORIA - PJ
446,"LARREGUY, Carlos Alberto",Rio Negro,,,,,,
447,"LARROQUE, Andrés",Cdad.Aut.Bs.As.,http://www4.hcdn.gob.ar/fotos/alarroque_medium.jpg,http://www.diputados.gob.ar/diputados/alarroque/,CIUDAD de BUENOS AIRES,10/12/2011,9/12/2015,FRENTE PARA LA VICTORIA - PJ
448,"LAURITTO, José Eduardo",Entre Ríos,,,,,,
449,"LEDESMA, Julio Rubén",Buenos Aires,http://www4.hcdn.gob.ar/fotos/jledesma_medium.jpg,http://www.diputados.gob.ar/diputados/jledesma/,BUENOS AIRES,10/12/2009,9/12/2013,CORRIENTE DE PENSAMIENTO FEDERAL
45,"AMADEO, Eduardo Pablo",Buenos Aires,http://www4.hcdn.gob.ar/fotos/eamadeo_medium.jpg,http://www.diputados.gob.ar/diputados/eamadeo/,BUENOS AIRES,10/12/2009,9/12/2013,FRENTE PERONISTA
450,"LEGUIZAMON, Anibal Ernesto",Buenos Aires,,,,,,
451,"LEGUIZAMON, María Laura",Buenos Aires,,,,,,
452,"LEMME, María Alicia",San Luis,,,,,,
453,"LEMOS, Silvia",Mendoza,,,,,,
454,"LENZ, María Beatriz",Cdad.Aut.Bs.As.,,,,,,
455,"LEONELLI, María Silvina",Córdoba,,,,,,
456,"LERNOUD, María Teresa",Chubut,,,,,,
457,"LEVERBERG, Stella Maris",Misiones,http://www4.hcdn.gob.ar/fotos/sleverberg_medium.jpg,http://www.diputados.gob.ar/diputados/sleverberg/,MISIONES,10/12/2011,9/12/2015,FRENTE PARA LA VICTORIA - PJ
458,"LEYBA de MARTI, Beatriz",Córdoba,,,,,,
459,"L'HUILLIER, José Guillermo",San Luis,,,,,,
46,"AMENTA, Marcelo Eduardo",Buenos Aires,,,,,,
460,"LINARES, María Virginia",Buenos Aires,http://www4.hcdn.gob.ar/fotos/vlinares_medium.jpg,http://www.diputados.gob.ar/diputados/vlinares/,BUENOS AIRES,10/12/2011,9/12/2015,GEN
461,"LIX KLETT, Roberto Ignacio",Tucumán,,,,,,
462,"LLAMBI, Susana Beatriz",Neuquén,,,,,,
463,"LLANO, Gabriel Joaquín",Mendoza,,,,,,
464,"LLANOS, Edith",Buenos Aires,http://www4.hcdn.gob.ar/fotos/eellanos_medium.jpg,http://www.diputados.gob.ar/diputados/eellanos/,JUJUY,10/12/2009,9/12/2013,FRENTE PARA LA VICTORIA - PJ
465,"LLANOS, Ermindo Edgardo Marcelo",Jujuy,,,,,,
466,"LLERA, Timoteo",Misiones,,,,,,
467,"LOFRANO, Elsa Gladi",Chubut,,,,,,
468,"LOPEZ ARIAS, Marcelo Eduardo",Salta,,,,,,
469,"LOPEZ, Amelia de los Milagros",Córdoba,,,,,,
47,"AMSTUTZ, Guillermo",Mendoza,,,,,,
470,"LOPEZ, Ernesto Segundo",San Juan,,,,,,
471,"LOPEZ, Juan Carlos",Buenos Aires,,,,,,
472,"LOPEZ, Juan Carlos",Misiones,,,,,,
473,"LOPEZ, Rafael Angel",Formosa,,,,,,
474,"LORENZO BOROCOTO, Eduardo",Cdad.Aut.Bs.As.,,,,,,
475,"LORENZO, Antonio Arnaldo",San Luis,,,,,,
476,"LORGES, Juan Carlos",Buenos Aires,,,,,,
477,"LOTTO de VECCHIETTI, Inés Beatriz",Formosa,http://www4.hcdn.gob.ar/fotos/ilotto_medium.jpg,http://www.diputados.gob.ar/diputados/ilotto/,FORMOSA,10/12/2011,9/12/2015,FRENTE PARA LA VICTORIA - PJ
478,"LOUTAIF, Julio César",Salta,,,,,,
479,"LOVAGLIO SARAVIA, Antonio",Salta,,,,,,
48,"ANAUATE, Carlos Alfredo",Santiago del Estero,,,,,,
480,"LOZANO, Claudio Raúl",Cdad.Aut.Bs.As.,http://www4.hcdn.gob.ar/fotos/clozano_medium.jpg,http://www.diputados.gob.ar/diputados/clozano/,CIUDAD de BUENOS AIRES,10/12/2011,9/12/2015,UNIDAD POPULAR
481,"LOZANO, Encarnación",Neuquén,,,,,,
482,"LUBERTINO, María José",Cdad.Aut.Bs.As.,,,,,,
483,"LUGO de GONZALES CABAÑAS, Cecilia",Corrientes,,,,,,
484,"LUNA de MARCOS, Ana Zulema",Santiago del Estero,,,,,,
485,"LUSQUIÑOS, Luis Bernardo",San Luis,,,,,,
486,"LYNCH, Juan Carlos",Cdad.Aut.Bs.As.,,,,,,
487,"MACALUSE, Eduardo Gabriel",Buenos Aires,,,,,,
488,"MACCHI, Carlos Guillermo",Corrientes,,,,,,
489,"MACRI, Mauricio",Cdad.Aut.Bs.As.,,,,,,
49,"ARAGON, Santiago",Buenos Aires,,,,,,
490,"MAFFEI, Marta Olinda",Buenos Aires,,,,,,
491,"MAJDALANI, Silvia Cristina",Buenos Aires,http://www4.hcdn.gob.ar/fotos/smajdalani_medium.jpg,http://www.diputados.gob.ar/diputados/smajdalani/,BUENOS AIRES,10/12/2009,9/12/2013,PRO
492,"MALDONADO, Aída Francisca",Catamarca,http://www4.hcdn.gob.ar/fotos/vmaldonado_medium.jpg,http://www.diputados.gob.ar/diputados/vmaldonado/,CHACO,10/12/2011,9/12/2015,UCR
493,"MALDONADO, Hugo",Chaco,,,,,,
494,"MANSUR, Nélida Mabel",Buenos Aires,,,,,,
495,"MANSUR, Ricardo Alfredo",Mendoza,,,,,,
496,"MARCO DEL PONT, Mercedes",Cdad.Aut.Bs.As.,,,,,,
497,"MARCONATO, Gustavo Angel",Santa Fe,,,,,,
498,"MARCONETTO, Aldo Juan",Chubut,,,,,,
499,"MARINO, Adriana del Carmen",San Juan,,,,,,
5,"#, Legislador a Designar",Santa Cruz,,,,,,
50,"ARBO, José Ameghino",Corrientes,,,,,,
500,"MARINO, Juliana Isabel",Cdad.Aut.Bs.As.,,,,,,
501,"MARTIARENA, Mario Humberto",Jujuy,,,,,,
502,"MARTIN, María Elena",Santa Fe,,,,,,
503,"MARTINELLI, Guillermo Jesús",Salta,,,,,,
504,"MARTINEZ CARIGNANO, Ernesto Félix",Córdoba,,,,,,
505,"MARTINEZ GARBINO, Emilio",Entre Ríos,,,,,,
506,"MARTINEZ LLANO, José Rodolfo",Corrientes,,,,,,
507,"MARTINEZ ODDONE, Heriberto Agustín",Córdoba,,,,,,
508,"MARTINEZ RAYMONDA, Rafael",Cdad.Aut.Bs.As.,,,,,,
509,"MARTINEZ, Alfredo",Santa Cruz,,,,,,
51,"ARDID, Mario Rolando",Córdoba,,,,,,
510,"MARTINEZ, Carlos Alberto",Buenos Aires,,,,,,
511,"MARTINEZ, Ernesto Félix",Córdoba,http://www4.hcdn.gob.ar/fotos/emartinezc_medium.jpg,http://www.diputados.gob.ar/diputados/emartinezc/,CORDOBA,10/12/2009,9/12/2013,FRENTE CIVICO - CORDOBA
512,"MARTINEZ, Julio César",La Rioja,http://www4.hcdn.gob.ar/fotos/jmartinez_medium.jpg,http://www.diputados.gob.ar/diputados/jmartinez/,LA RIOJA,10/12/2009,9/12/2013,UCR
513,"MARTINEZ, Oscar Ariel",Santa Fe,http://www4.hcdn.gob.ar/fotos/omartinez_medium.jpg,http://www.diputados.gob.ar/diputados/omartinez/,SANTA FE,10/12/2011,9/12/2015,FRENTE PARA LA VICTORIA - PJ
514,"MARTINEZ, Silvia Virginia",Buenos Aires,,,,,,
515,"MARTINEZ, Soledad",Buenos Aires,http://www4.hcdn.gob.ar/fotos/smartinez_medium.jpg,http://www.diputados.gob.ar/diputados/smartinez/,BUENOS AIRES,10/12/2009,9/12/2013,PRO
516,"MARTINI, Hugo",Cdad.Aut.Bs.As.,,,,,,
517,"MASSEI, Oscar Ermelindo",Neuquén,,,,,,
518,"MASTROGIACOMO, Miguel Angel",Buenos Aires,,,,,,
519,"MAZZARELLA, Susana del Valle",Córdoba,http://www4.hcdn.gob.ar/fotos/smazzarelladelv_medium.jpg,http://www.diputados.gob.ar/diputados/smazzarelladelv/,CORDOBA,10/12/2009,9/12/2013,FRENTE CIVICO - CORDOBA
52,"ARENA, Celia Isabel",Santa Fe,http://www4.hcdn.gob.ar/fotos/carena_medium.jpg,http://www.diputados.gob.ar/diputados/carena/,SANTA FE,10/12/2009,9/12/2013,FRENTE PARA LA VICTORIA - PJ
520,"MEDIZA, Heriberto Eloy",La Pampa,,,,,,
521,"MELILLO, Fernando Cesar",Cdad.Aut.Bs.As.,,,,,,
522,"MENDEZ de FERREYRA, Araceli Estela",Corrientes,,,,,,
523,"MENDOZA, Mayra Soledad",Buenos Aires,http://www4.hcdn.gob.ar/fotos/mmendoza_medium.jpg,http://www.diputados.gob.ar/diputados/mmendoza/,BUENOS AIRES,10/12/2011,9/12/2015,FRENTE PARA LA VICTORIA - PJ
524,"MENDOZA, Sandra Marcela",Chaco,http://www4.hcdn.gob.ar/fotos/smendoza_medium.jpg,http://www.diputados.gob.ar/diputados/smendoza/,CHACO,10/12/2009,9/12/2013,FRENTE PARA LA VICTORIA - PJ
525,"MENEM, Eduardo Adrián",La Rioja,,,,,,
526,"MERA, Dalmacio",Catamarca,,,,,,
527,"MERCHAN, Paula Cecilia",Córdoba,,,,,,
528,"MERINO, Raul Guillermo",Córdoba,,,,,,
529,"MERLO, Mario Raúl",San Luis,,,,,,
53,"ARETA, María Josefa",Corrientes,,,,,,
530,"METAZA, Mario Alfredo",Santa Cruz,http://www4.hcdn.gob.ar/fotos/mmetaza_medium.jpg,http://www.diputados.gob.ar/diputados/mmetaza/,SANTA CRUZ,10/12/2011,9/12/2015,FRENTE PARA LA VICTORIA - PJ
531,"MICHETTI, Marta Gabriela",Cdad.Aut.Bs.As.,http://www4.hcdn.gob.ar/fotos/gmichetti_medium.jpg,http://www.diputados.gob.ar/diputados/gmichetti/,CIUDAD de BUENOS AIRES,10/12/2009,9/12/2013,PRO
532,"MILESI, Marta Silvia",Rio Negro,,,,,,
533,"MILLET, Juan Carlos",Santa Fe,,,,,,
534,"MILMAN, Gerardo Fabián",Buenos Aires,http://www4.hcdn.gob.ar/fotos/gmilman_medium.jpg,http://www.diputados.gob.ar/diputados/gmilman/,BUENOS AIRES,10/12/2009,9/12/2013,GEN
535,"MINGUEZ, Juan Jesús",San Juan,,,,,,
536,"MIRABILE, José Arnaldo",San Luis,,,,,,
537,"MIRKIN, Beatriz Graciela",Tucumán,,,,,,
538,"MOISES, Julio Carlos",Jujuy,,,,,,
539,"MOISES, María Carolina",Jujuy,,,,,,
54,"ARGÜELLO, Jorge",Cdad.Aut.Bs.As.,,,,,,
540,"MOLAS, Pedro Omar",Catamarca,http://www4.hcdn.gob.ar/fotos/pmolas_medium.jpg,http://www.diputados.gob.ar/diputados/pmolas/,CATAMARCA,10/12/2009,9/12/2013,FRENTE CIVICO Y SOCIAL DE CATAMARCA
541,"MOLINA, Manuel Isauro",Catamarca,http://www4.hcdn.gob.ar/fotos/mmolina_medium.jpg,http://www.diputados.gob.ar/diputados/mmolina/,CATAMARCA,10/12/2011,9/12/2015,FRENTE PARA LA VICTORIA - PJ
542,"MOLINARI ROMERO, Luis",Córdoba,,,,,,
543,"MONAYAR, Ana María Cármen",Córdoba,,,,,,
544,"MONGELO, José Ricardo",Chaco,http://www4.hcdn.gob.ar/fotos/jmongelo_medium.jpg,http://www.diputados.gob.ar/diputados/jmongelo/,CHACO,10/12/2011,9/12/2015,FRENTE PARA LA VICTORIA - PJ
545,"MONTEAGUDO, María Lucrecia",Buenos Aires,,,,,,
546,"MONTENEGRO, Olinda",Chaco,,,,,,
547,"MONTERO, Laura Gisela",Mendoza,,,,,,
548,"MONTI, Lucrecia Etelvina",Cdad.Aut.Bs.As.,,,,,,
549,"MONTOYA, Fernando Ramón",Córdoba,,,,,,
55,"ARGÜELLO, Octavio",Buenos Aires,,,,,,
550,"MONTOYA, Jorge Luciano",Córdoba,,,,,,
551,"MORALES, Nélida Beatriz",Buenos Aires,,,,,,
552,"MORAN, Juan Carlos",Buenos Aires,,,,,,
553,"MORANDINI, Norma Elena",Córdoba,,,,,,
554,"MORANTE, Antonio Arnaldo María",Chaco,,,,,,
555,"MORAY, Hector Luis",Corrientes,,,,,,
556,"MOREAU, Leopolo Raúl",Buenos Aires,,,,,,
557,"MOREJON, Manuel Amor",Chubut,,,,,,
558,"MORENO, Carlos Julio",Buenos Aires,http://www4.hcdn.gob.ar/fotos/cmoreno_medium.jpg,http://www.diputados.gob.ar/diputados/cmoreno/,BUENOS AIRES,10/12/2009,9/12/2013,FRENTE PARA LA VICTORIA - PJ
559,"MORGADO, Claudio Marcelo",Cdad.Aut.Bs.As.,,,,,,
56,"ARGUL, Marta del Carmen",Jujuy,,,,,,
560,"MORINI, Pedro Juan",Santa Fe,,,,,,
561,"MOUILLERON, Roberto Mario",Buenos Aires,http://www4.hcdn.gob.ar/fotos/rmouilleron_medium.jpg,http://www.diputados.gob.ar/diputados/rmouilleron/,BUENOS AIRES,10/12/2009,9/12/2013,UNION PERONISTA
562,"MOYANO, Juan Facundo",Buenos Aires,http://www4.hcdn.gob.ar/fotos/fmoyano_medium.jpg,http://www.diputados.gob.ar/diputados/fmoyano/,BUENOS AIRES,10/12/2011,9/12/2015,FRENTE PARA LA VICTORIA - PJ
563,"MUKDISE, Miguel Roberto Daives",Santiago del Estero,,,,,,
564,"MULLER, Edgar Raúl",Córdoba,http://www4.hcdn.gob.ar/fotos/emuller_medium.jpg,http://www.diputados.gob.ar/diputados/emuller/,CORDOBA,10/12/2011,9/12/2015,FRENTE PERONISTA
565,"MULLER, Mabel Hilda",Buenos Aires,http://www4.hcdn.gob.ar/fotos/mmuller_medium.jpg,http://www.diputados.gob.ar/diputados/mmuller/,BUENOS AIRES,10/12/2009,9/12/2013,FRENTE PARA LA VICTORIA - PJ
566,"MUSA, Laura Cristina",Cdad.Aut.Bs.As.,,,,,,
567,"NAIM, Lidia Lucía",Buenos Aires,,,,,,
568,"NARDELLI, Santiago",Buenos Aires,,,,,,
569,"NARDUCCI, Alicia Isabel",Córdoba,,,,,,
57,"ARGUMEDO, Alcira Susana",Cdad.Aut.Bs.As.,http://www4.hcdn.gob.ar/fotos/aargumedo_medium.jpg,http://www.diputados.gob.ar/diputados/aargumedo/,CIUDAD de BUENOS AIRES,10/12/2009,9/12/2013,MOVIMIENTO PROYECTO SUR
570,"NATALE, Alberto Adolfo",Santa Fe,,,,,,
571,"NAVARRO, Graciela",Santiago del Estero,http://www4.hcdn.gob.ar/fotos/gnavarro_medium.jpg,http://www.diputados.gob.ar/diputados/gnavarro/,SANTIAGO DEL ESTERO,10/12/2011,9/12/2015,FRENTE CIVICO POR SANTIAGO
572,"NEBREDA, Carmen Rosa",Córdoba,http://www4.hcdn.gob.ar/fotos/cnebreda_medium.jpg,http://www.diputados.gob.ar/diputados/cnebreda/,CORDOBA,10/12/2009,9/12/2013,FRENTE PARA LA VICTORIA - PJ
573,"NEGRI, Mario Raúl",Córdoba,http://www4.hcdn.gob.ar/fotos/mnegri_medium.jpg,http://www.diputados.gob.ar/diputados/mnegri/,CORDOBA,10/12/2011,9/12/2015,UCR
574,"NEMIROVSCI, Osvaldo Mario",Rio Negro,,,,,,
575,"NERI, Aldo",Cdad.Aut.Bs.As.,,,,,,
576,"NIETO BRIZUELA, Benjamín Ricardo",La Rioja,,,,,,
577,"NIEVA, Alejandro Mario",Jujuy,,,,,,
578,"OBEID, Jorge Alberto",Santa Fe,,,,,,
579,"OBIGLIO, Julián Martín",Cdad.Aut.Bs.As.,http://www4.hcdn.gob.ar/fotos/jobiglio_medium.jpg,http://www.diputados.gob.ar/diputados/jobiglio/,CIUDAD de BUENOS AIRES,10/12/2009,9/12/2013,PRO
58,"ARNALDI, Monica Susana",Buenos Aires,,,,,,
580,"OCAÑA, Maria Graciela",Buenos Aires,http://www4.hcdn.gob.ar/fotos/mocana_medium.jpg,http://www.diputados.gob.ar/diputados/mocana/,BUENOS AIRES,10/12/2011,9/12/2015,UNIDAD PARA EL DESARROLLO SOCIAL Y LA EQUIDAD
581,"OLIVA, Cristian Rodolfo",Santiago del Estero,http://www4.hcdn.gob.ar/fotos/coliva_medium.jpg,http://www.diputados.gob.ar/diputados/coliva/,SANTIAGO DEL ESTERO,10/12/2009,9/12/2013,FRENTE CIVICO POR SANTIAGO
582,"OLIVERO, Juan Carlos",La Pampa,,,,,,
583,"OLMEDO, Alfredo Horacio",Salta,http://www4.hcdn.gob.ar/fotos/aolmedo_medium.jpg,http://www.diputados.gob.ar/diputados/aolmedo/,SALTA,10/12/2009,9/12/2013,SALTA SOMOS TODOS
584,"OLMOS, Graciela Hortencia",Santiago del Estero,,,,,,
585,"OPORTO, Mario Néstor",Buenos Aires,http://www4.hcdn.gob.ar/fotos/moporto_medium.jpg,http://www.diputados.gob.ar/diputados/moporto/,BUENOS AIRES,10/12/2011,9/12/2015,FRENTE PARA LA VICTORIA - PJ
586,"ORSOLINI, Pablo Eduardo",Chaco,http://www4.hcdn.gob.ar/fotos/porsolini_medium.jpg,http://www.diputados.gob.ar/diputados/porsolini/,CHACO,10/12/2009,9/12/2013,UCR
587,"ORTIZ CORREA, Marcia Sara María",Catamarca,http://www4.hcdn.gob.ar/fotos/mortizcorrea_medium.jpg,http://www.diputados.gob.ar/diputados/mortizcorrea/,CATAMARCA,10/12/2011,9/12/2015,FRENTE PARA LA VICTORIA - PJ
588,"ORTIZ, Mariela",Jujuy,http://www4.hcdn.gob.ar/fotos/mortiz_medium.jpg,http://www.diputados.gob.ar/diputados/mortiz/,JUJUY,10/12/2011,9/12/2015,FRENTE PARA LA VICTORIA - PJ
589,"OSCOS, María Ilse",Neuquén,,,,,,
59,"ARNOLD, Eduardo Ariel",Santa Cruz,,,,,,
590,"OSORIO, Marta Lucía",La Pampa,,,,,,
591,"OSTROPOLSKY, Aldo Hector",Mendoza,,,,,,
592,"OSUNA, Blanca Inés",Entre Ríos,,,,,,
593,"OVIEDO, Alejandra Beatriz",La Rioja,,,,,,
594,"PAIS, Juan Mario",Chubut,http://www4.hcdn.gob.ar/fotos/jpais_medium.jpg,http://www.diputados.gob.ar/diputados/jpais/,CHUBUT,10/12/2011,9/12/2015,FRENTE PARA LA VICTORIA - PJ
595,"PALOMO, Nelida Manuela",Santiago del Estero,,,,,,
596,"PALOU, Marta",Misiones,,,,,,
597,"PAMPURO, José Juan",Buenos Aires,,,,,,
598,"PANSA, Sergio Horacio",San Luis,http://www4.hcdn.gob.ar/fotos/spansa_medium.jpg,http://www.diputados.gob.ar/diputados/spansa/,SAN LUIS,10/12/2009,9/12/2013,FRENTE PERONISTA
599,"PANZONI, Patricia Ester",Buenos Aires,,,,,,
6,"#, Legislador a Designar",Santa Fe,,,,,,
60,"ARREGUI, Andrés Roberto",Buenos Aires,http://www4.hcdn.gob.ar/fotos/aarregui_medium.jpg,http://www.diputados.gob.ar/diputados/aarregui/,BUENOS AIRES,10/12/2011,9/12/2015,FRENTE PARA LA VICTORIA - PJ
600,"PARADA, Liliana Beatriz",Cdad.Aut.Bs.As.,http://www4.hcdn.gob.ar/fotos/lparada_medium.jpg,http://www.diputados.gob.ar/diputados/lparada/,CIUDAD de BUENOS AIRES,10/12/2009,9/12/2013,UNIDAD POPULAR
601,"PAREDES URQUIZA, Alberto Nicolás",La Rioja,,,,,,
602,"PARENTELLA, Irma Fidela",Cdad.Aut.Bs.As.,,,,,,
603,"PAROLA, Carlos",Santa Fe,,,,,,
604,"PAROLI, Raúl Omar",Catamarca,,,,,,
605,"PASCUAL, Jorge Raul",Rio Negro,,,,,,
606,"PASINI, Ariel Osvaldo",Buenos Aires,,,,,,
607,"PASTORIZA, Eduardo",Catamarca,,,,,,
608,"PASTORIZA, Mirta Ameliana",Santiago del Estero,http://www4.hcdn.gob.ar/fotos/mpastoriza_medium.jpg,http://www.diputados.gob.ar/diputados/mpastoriza/,SANTIAGO DEL ESTERO,10/12/2011,9/12/2015,FRENTE CIVICO POR SANTIAGO
609,"PATTERSON, Ricardo Ancell",Santa Cruz,,,,,,
61,"ARRIAGA, Julio Esteban",Rio Negro,,,,,,
610,"PATTI, Luis Abelardo",Buenos Aires,,,,,,
611,"PELAEZ, Victor",Neuquén,,,,,,
612,"PEPE, Lorenzo Antonio",Buenos Aires,,,,,,
613,"PERALTA, Fabián Francisco",Santa Fe,http://www4.hcdn.gob.ar/fotos/fperalta_medium.jpg,http://www.diputados.gob.ar/diputados/fperalta/,SANTA FE,10/12/2011,9/12/2015,GEN
614,"PEREYRA, Guillermo Antonio",Mendoza,,,,,,
615,"PEREZ MARTINEZ, Claudio Héctor",La Pampa,,,,,,
616,"PEREZ SUAREZ, Inés",Cdad.Aut.Bs.As.,,,,,,
617,"PEREZ, Alberto Cesar",Neuquén,http://www4.hcdn.gob.ar/fotos/ajperez_medium.jpg,http://www.diputados.gob.ar/diputados/ajperez/,SAN LUIS,10/12/2009,9/12/2013,FRENTE PERONISTA
618,"PEREZ, Alberto José",San Luis,,,,,,
619,"PEREZ, Jorge Raúl",Santiago del Estero,,,,,,
62,"ARTOLA, Isabel Amanda",Buenos Aires,,,,,,
620,"PEREZ, José Adrián",Buenos Aires,,,,,,
621,"PEREZ, Mirta",Buenos Aires,,,,,,
622,"PERIE, Hugo Rubén",Corrientes,,,,,,
623,"PERIE, Julia Argentina",Misiones,http://www4.hcdn.gob.ar/fotos/jperie_medium.jpg,http://www.diputados.gob.ar/diputados/jperie/,MISIONES,10/12/2011,9/12/2015,FRENTE PARA LA VICTORIA - PJ
624,"PERNASETTI, Horacio Francisco",Catamarca,,,,,,
625,"PEROTTI, Omar Angel",Santa Fe,http://www4.hcdn.gob.ar/fotos/operotti_medium.jpg,http://www.diputados.gob.ar/diputados/operotti/,SANTA FE,10/12/2011,9/12/2015,FRENTE PARA LA VICTORIA - PJ
626,"PERRONI, Ana María",Corrientes,http://www4.hcdn.gob.ar/fotos/aperroni_medium.jpg,http://www.diputados.gob.ar/diputados/aperroni/,CORRIENTES,10/12/2011,9/12/2015,FRENTE PARA LA VICTORIA - PJ
627,"PESO, Stella Marys",Misiones,,,,,,
628,"PETIT, María de los Angeles",Entre Ríos,,,,,,
629,"PICAZO, Sarah Ana",Santa Fe,,,,,,
63,"ASEF, Daniel Edgardo",Córdoba,,,,,,
630,"PICCININI, Alberto José",Santa Fe,,,,,,
631,"PIEMONTE, Héctor Horacio",Buenos Aires,http://www4.hcdn.gob.ar/fotos/hpiemonte_medium.jpg,http://www.diputados.gob.ar/diputados/hpiemonte/,BUENOS AIRES,10/12/2009,9/12/2013,COALICION CIVICA - ARI
632,"PIETRAGALLA CORTI, Horacio",Buenos Aires,http://www4.hcdn.gob.ar/fotos/hpietragallac_medium.jpg,http://www.diputados.gob.ar/diputados/hpietragallac/,BUENOS AIRES,10/12/2011,9/12/2015,FRENTE PARA LA VICTORIA - PJ
633,"PILATI, Norma Raquel",Mendoza,,,,,,
634,"PILATTI VERGARA, María Inés",Chaco,http://www4.hcdn.gob.ar/fotos/mpilattiv_medium.jpg,http://www.diputados.gob.ar/diputados/mpilattiv/,CHACO,10/12/2009,9/12/2013,FRENTE PARA LA VICTORIA - PJ
635,"PINEDO, Federico",Cdad.Aut.Bs.As.,http://www4.hcdn.gob.ar/fotos/fpinedo_medium.jpg,http://www.diputados.gob.ar/diputados/fpinedo/,CIUDAD de BUENOS AIRES,10/12/2011,9/12/2015,PRO
636,"PINTO BRUCHMANN, Juan Domingo",Santiago del Estero,,,,,,
637,"PINTO, Sergio Damián",Mendoza,,,,,,
638,"PIUMATO, Julio Juán",Cdad.Aut.Bs.As.,,,,,,
639,"PLAINI, Francisco Omar",Buenos Aires,http://www4.hcdn.gob.ar/fotos/oplaini_medium.jpg,http://www.diputados.gob.ar/diputados/oplaini/,BUENOS AIRES,10/12/2009,9/12/2013,FRENTE PARA LA VICTORIA - PJ
64,"ASPIAZU, Lucio Bernardo",Corrientes,http://www4.hcdn.gob.ar/fotos/laspiazu_medium.jpg,http://www.diputados.gob.ar/diputados/laspiazu/,CORRIENTES,10/12/2009,9/12/2013,UCR
640,"POGGI, Claudio Javier",San Luis,,,,,,
641,"POLINO, Hector Teodoro",Cdad.Aut.Bs.As.,,,,,,
642,"PORTELA, Agustín Alberto",Corrientes,http://www4.hcdn.gob.ar/fotos/aportela_medium.jpg,http://www.diputados.gob.ar/diputados/aportela/,CORRIENTES,10/12/2011,9/12/2015,UCR
643,"PORTO, Héctor Norberto",Buenos Aires,,,,,,
644,"POSSE, Melchor Angel",Buenos Aires,,,,,,
645,"PRADINES, Roberto Arturo",Mendoza,http://www4.hcdn.gob.ar/fotos/rpradines_medium.jpg,http://www.diputados.gob.ar/diputados/rpradines/,MENDOZA,10/12/2011,9/12/2015,DEMOCRATA DE MENDOZA
646,"PRIETO, Hugo Nelson",Neuquén,,,,,,
647,"PRUYAS, Tomás Rubén",Corrientes,,,,,,
648,"PUCHETA, Ramona",Buenos Aires,http://www4.hcdn.gob.ar/fotos/rpucheta_medium.jpg,http://www.diputados.gob.ar/diputados/rpucheta/,BUENOS AIRES,10/12/2011,9/12/2015,SOCIALISTA DEL MIJD
649,"PUERTA, Federico Ramón",Misiones,http://www4.hcdn.gob.ar/fotos/fpuerta_medium.jpg,http://www.diputados.gob.ar/diputados/fpuerta/,MISIONES,10/12/2009,9/12/2013,FRENTE PERONISTA
65,"ASSEFF, Alberto Emilio",Buenos Aires,http://www4.hcdn.gob.ar/fotos/aasseff_medium.jpg,http://www.diputados.gob.ar/diputados/aasseff/,BUENOS AIRES,10/12/2011,9/12/2015,FRENTE PERONISTA
650,"PUIG de STUBRIN, Lilia",Santa Fe,,,,,,
651,"PUIGGROS, Adriana Victoria",Buenos Aires,http://www4.hcdn.gob.ar/fotos/apuiggros_medium.jpg,http://www.diputados.gob.ar/diputados/apuiggros/,BUENOS AIRES,10/12/2011,9/12/2015,FRENTE PARA LA VICTORIA - PJ
652,"QUINTELA, Ricardo Clemente",La Rioja,,,,,,
653,"QUINTERO, Marta Beatriz",La Rioja,,,,,,
654,"QUIROGA, Horacio Rodolfo",Neuquén,,,,,,
655,"QUIROZ, Elsa Siria",Buenos Aires,,,,,,
656,"RAIMUNDI, Carlos Alberto",Buenos Aires,http://www4.hcdn.gob.ar/fotos/craimundi_medium.jpg,http://www.diputados.gob.ar/diputados/craimundi/,BUENOS AIRES,10/12/2011,9/12/2015,FRENTE NUEVO ENCUENTRO
657,"RAPETTI, Ricardo Francisco",Buenos Aires,,,,,,
658,"RASINO, Elida Elena",Santa Fe,http://www4.hcdn.gob.ar/fotos/erasino_medium.jpg,http://www.diputados.gob.ar/diputados/erasino/,SANTA FE,10/12/2011,9/12/2015,PARTIDO SOCIALISTA
659,"RATTIN, Antonio Ubaldo",Buenos Aires,,,,,,
66,"ATANASOF, Alfredo Néstor",Buenos Aires,http://www4.hcdn.gob.ar/fotos/aatanasof_medium.jpg,http://www.diputados.gob.ar/diputados/aatanasof/,BUENOS AIRES,10/12/2009,9/12/2013,FRENTE PERONISTA
660,"RE, Hilma Leonor",Entre Ríos,http://www4.hcdn.gob.ar/fotos/hre_medium.jpg,http://www.diputados.gob.ar/diputados/hre/,ENTRE RIOS,10/12/2009,9/12/2013,COALICION CIVICA - ARI
661,"RECALDE, Héctor Pedro",Buenos Aires,http://www4.hcdn.gob.ar/fotos/hrecalde_medium.jpg,http://www.diputados.gob.ar/diputados/hrecalde/,BUENOS AIRES,10/12/2009,9/12/2013,FRENTE PARA LA VICTORIA - PJ
662,"REDCZUK, Oscar Felipe",Misiones,http://www4.hcdn.gob.ar/fotos/oredczuk_medium.jpg,http://www.diputados.gob.ar/diputados/oredczuk/,MISIONES,10/12/2011,9/12/2015,FRENTE PARA LA VICTORIA - PJ
663,"REGAZZOLI, María Cristina",La Pampa,http://www4.hcdn.gob.ar/fotos/mregazzoli_medium.jpg,http://www.diputados.gob.ar/diputados/mregazzoli/,LA PAMPA,10/12/2009,9/12/2013,PARTIDO JUSTICIALISTA LA PAMPA
664,"REJAL, Jesús Fernando",La Rioja,,,,,,
665,"REYES, María Fernanda",Cdad.Aut.Bs.As.,,,,,,
666,"RIAL, Osvaldo Hugo",Buenos Aires,,,,,,
667,"RICHTER, Ana",Córdoba,,,,,,
668,"RICO, María del Carmen Cecilia",Buenos Aires,,,,,,
669,"RIESTRA, Antonio Sabino",Santa Fe,http://www4.hcdn.gob.ar/fotos/ariestra_medium.jpg,http://www.diputados.gob.ar/diputados/ariestra/,SANTA FE,10/12/2011,9/12/2015,UNIDAD POPULAR
67,"AUGSBURGER, Silvia",Santa Fe,,,,,,
670,"RIOBOO, Sandra Adriana",Buenos Aires,,,,,,
671,"RIOS, Liliana María",Entre Ríos,http://www4.hcdn.gob.ar/fotos/lrios_medium.jpg,http://www.diputados.gob.ar/diputados/lrios/,ENTRE RIOS,10/12/2011,9/12/2015,FRENTE PARA LA VICTORIA - PJ
672,"RIOS, María Fabiana",Tierra del Fuego,,,,,,
673,"RIOS, Roberto Fabián",Corrientes,http://www4.hcdn.gob.ar/fotos/frios_medium.jpg,http://www.diputados.gob.ar/diputados/frios/,CORRIENTES,10/12/2011,9/12/2015,FRENTE PARA LA VICTORIA - PJ
674,"RISKO, Silvia Lucrecia",Misiones,http://www4.hcdn.gob.ar/fotos/srisko_medium.jpg,http://www.diputados.gob.ar/diputados/srisko/,MISIONES,10/12/2009,9/12/2013,FRENTE PARA LA VICTORIA - PJ
675,"RITONDO, Cristian",Cdad.Aut.Bs.As.,,,,,,
676,"RIVARA, Raúl Alberto",Buenos Aires,http://www4.hcdn.gob.ar/fotos/rrivara_medium.jpg,http://www.diputados.gob.ar/diputados/rrivara/,BUENOS AIRES,10/12/2009,9/12/2013,UNION PERONISTA
677,"RIVAROLA, Rubén Armando",Jujuy,http://www4.hcdn.gob.ar/fotos/rrivarola_medium.jpg,http://www.diputados.gob.ar/diputados/rrivarola/,JUJUY,10/12/2011,9/12/2015,FRENTE PARA LA VICTORIA - PJ
678,"RIVAS, Jorge",Buenos Aires,http://www4.hcdn.gob.ar/fotos/jrivas_medium.jpg,http://www.diputados.gob.ar/diputados/jrivas/,BUENOS AIRES,10/12/2011,9/12/2015,FRENTE PARA LA VICTORIA - PJ
679,"RIVAS, Olijela del Valle",Tucumán,,,,,,
68,"AVOSCAN, Herman Horacio",Rio Negro,http://www4.hcdn.gob.ar/fotos/havoscan_medium.jpg,http://www.diputados.gob.ar/diputados/havoscan/,RIO NEGRO,10/12/2011,9/12/2015,FRENTE PARA LA VICTORIA - PJ
680,"ROBERTI, Alberto Oscar",Buenos Aires,http://www4.hcdn.gob.ar/fotos/aroberti_medium.jpg,http://www.diputados.gob.ar/diputados/aroberti/,BUENOS AIRES,10/12/2011,9/12/2015,FRENTE RENOVADOR PERONISTA
681,"ROBLEDO, Roberto Ricardo",La Pampa,http://www4.hcdn.gob.ar/fotos/rrobledo_medium.jpg,http://www.diputados.gob.ar/diputados/rrobledo/,LA PAMPA,10/12/2009,9/12/2013,PARTIDO JUSTICIALISTA LA PAMPA
682,"RODIL, Rodolfo",Buenos Aires,,,,,,
683,"RODRIGUEZ GONZALEZ, Oliva",Buenos Aires,,,,,,
684,"RODRIGUEZ SAA, Adolfo",San Luis,,,,,,
685,"RODRIGUEZ, Evaristo Arturo",Santa Cruz,,,,,,
686,"RODRIGUEZ, Jesus",Cdad.Aut.Bs.As.,,,,,,
687,"RODRIGUEZ, Marcela Virginia",Buenos Aires,http://www4.hcdn.gob.ar/fotos/mrodriguez_medium.jpg,http://www.diputados.gob.ar/diputados/mrodriguez/,BUENOS AIRES,10/12/2009,9/12/2013,DEMOCRACIA IGUALITARIA Y PARTICIPATIVA (D.I.P.)
688,"RODRIGUEZ, Oscar Ernesto R.",Buenos Aires,,,,,,
689,"ROGEL, Fabián Dulio",Entre Ríos,http://www4.hcdn.gob.ar/fotos/frogel_medium.jpg,http://www.diputados.gob.ar/diputados/frogel/,ENTRE RIOS,10/12/2011,9/12/2015,UCR
69,"AZCOITI, Pedro José",Buenos Aires,,,,,,
690,"ROGGERO, Humberto Jesus",Córdoba,,,,,,
691,"ROJKES de ALPEROVICH, Beatriz Liliana",Tucumán,,,,,,
692,"ROLDAN, José María",Corrientes,,,,,,
693,"ROMA, Rafael Edgardo",Buenos Aires,,,,,,
694,"ROMAN, Carmen",Formosa,,,,,,
695,"ROMERO, Gabriel",Neuquén,,,,,,
696,"ROMERO, Héctor Ramón",Chaco,,,,,,
697,"ROMERO, José Antonio",Buenos Aires,,,,,,
698,"ROMERO, Rosario",Entre Ríos,,,,,,
699,"ROQUEL, Rodolfo",Formosa,,,,,,
7,"#, Legislador a Designar",Santiago del Estero,,,,,,
70,"BAIGORRI, Guillermo Francisco",San Juan,,,,,,
700,"ROSAS, Angel",Chaco,,,,,,
701,"ROSELLI, José Alberto",Cdad.Aut.Bs.As.,,,,,,
702,"ROSSI, Agustín Oscar",Santa Fe,,,,,,
703,"ROSSI, Alejandro Luis",Santa Fe,,,,,,
704,"ROSSI, Cipriana Lorena",Rio Negro,,,,,,
705,"ROSSO, Graciela Zulema",Buenos Aires,,,,,,
706,"ROY, Irma",Cdad.Aut.Bs.As.,,,,,,
707,"ROZAS, Angel",Chaco,,,,,,
708,"RUBINI, Mirta Elsa",Buenos Aires,,,,,,
709,"RUCCI, Claudia Monica",Buenos Aires,http://www4.hcdn.gob.ar/fotos/crucci_medium.jpg,http://www.diputados.gob.ar/diputados/crucci/,BUENOS AIRES,10/12/2009,9/12/2013,FRENTE PERONISTA
71,"BAIGORRIA, Miguel Angel",Tierra del Fuego,,,,,,
710,"RUCKAUF, Carlos Federico",Buenos Aires,,,,,,
711,"RUIZ, Aida Delia",Santiago del Estero,http://www4.hcdn.gob.ar/fotos/aruiz_medium.jpg,http://www.diputados.gob.ar/diputados/aruiz/,SANTIAGO DEL ESTERO,10/12/2011,9/12/2015,FRENTE CIVICO POR SANTIAGO
712,"RUIZ, Ramón",Buenos Aires,,,,,,
713,"SAADE, Blanca Azucena",Salta,,,,,,
714,"SAADI, Ramón Eduardo",Catamarca,,,,,,
715,"SABBATELLA, Martín",Buenos Aires,http://www4.hcdn.gob.ar/fotos/msabbatella_medium.jpg,http://www.diputados.gob.ar/diputados/msabbatella/,BUENOS AIRES,10/12/2009,9/12/2013,FRENTE NUEVO ENCUENTRO
716,"SACCA, Luis Fernando",Tucumán,http://www4.hcdn.gob.ar/fotos/lsacca_medium.jpg,http://www.diputados.gob.ar/diputados/lsacca/,TUCUMAN,10/12/2011,9/12/2015,UCR
717,"SALIM, Fernando Omar",Santiago del Estero,,,,,,
718,"SALIM, Juan Arturo",Tucumán,http://www4.hcdn.gob.ar/fotos/jsalim_medium.jpg,http://www.diputados.gob.ar/diputados/jsalim/,TUCUMAN,10/12/2009,9/12/2013,FRENTE PARA LA VICTORIA - PJ
719,"SALUM, Osvaldo Rubén",Salta,,,,,,
72,"BALADRON, Manuel Justo",La Pampa,,,,,,
720,"SANCHEZ, Fernando",Cdad.Aut.Bs.As.,,,,,,
721,"SANCHEZ, Liliana Ester",Buenos Aires,,,,,,
722,"SANTANDER, Mario",La Rioja,,,,,,
723,"SANTILLAN, Marcelo",Tucumán,,,,,,
724,"SANTILLAN, Walter Marcelo",Tucumán,http://www4.hcdn.gob.ar/fotos/wsantillan_medium.jpg,http://www.diputados.gob.ar/diputados/wsantillan/,TUCUMAN,10/12/2011,9/12/2015,FRENTE PARA LA VICTORIA - PJ
725,"SANTILLI, Diego Cesar",Cdad.Aut.Bs.As.,,,,,,
726,"SANTIN, Eduardo",Buenos Aires,http://www4.hcdn.gob.ar/fotos/esantin_medium.jpg,http://www.diputados.gob.ar/diputados/esantin/,BUENOS AIRES,10/12/2011,9/12/2015,UCR
727,"SAPAG, Silvia Estela",Neuquén,,,,,,
728,"SAREDI, Roberto Miguel",Buenos Aires,,,,,,
729,"SARGHINI, Jorge Emilio",Buenos Aires,,,,,,
73,"BALCEDO, María Ester",Buenos Aires,http://www4.hcdn.gob.ar/fotos/mbalcedo_medium.jpg,http://www.diputados.gob.ar/diputados/mbalcedo/,BUENOS AIRES,10/12/2011,9/12/2015,FRENTE PARA LA VICTORIA - PJ
730,"SARTORI, Diego Horacio",Misiones,,,,,,
731,"SATRAGNO, Lidia Elsa",Buenos Aires,,,,,,
732,"SAVRON, Hayde Teresa",Neuquén,,,,,,
733,"SCALESI, Juan Carlos",Rio Negro,,,,,,
734,"SCHIARETTI, Juan",Córdoba,,,,,,
735,"SCHIAVONI, Esther Aida",Cdad.Aut.Bs.As.,,,,,,
736,"SCHMIDT-LIERMANN, Cornelia",Cdad.Aut.Bs.As.,http://www4.hcdn.gob.ar/fotos/csliermann_medium.jpg,http://www.diputados.gob.ar/diputados/csliermann/,CIUDAD de BUENOS AIRES,10/12/2011,9/12/2015,PRO
737,"SCIUTTO, Rubén Darío",Tierra del Fuego,http://www4.hcdn.gob.ar/fotos/rsciutto_medium.jpg,http://www.diputados.gob.ar/diputados/rsciutto/,TIERRA DEL FUEGO,10/12/2011,9/12/2015,FRENTE PARA LA VICTORIA - PJ
738,"SEBRIANO, Luis Alberto",Formosa,,,,,,
739,"SEGARRA, Adela Rosa",Buenos Aires,http://www4.hcdn.gob.ar/fotos/asegarra_medium.jpg,http://www.diputados.gob.ar/diputados/asegarra/,BUENOS AIRES,10/12/2011,9/12/2015,FRENTE PARA LA VICTORIA - PJ
74,"BALDATA, Griselda Angela",Córdoba,,,,,,
740,"SEJAS, Lisandro Mauricio",Buenos Aires,,,,,,
741,"SELLARES, Francisco Nicolás",Santa Fe,,,,,,
742,"SEREBRINSKY, Gustavo Eduardo",Buenos Aires,,,,,,
743,"SESMA, Laura Judith",Córdoba,,,,,,
744,"SIMONCINI, Silvia Rosa",Santa Fe,http://www4.hcdn.gob.ar/fotos/ssimoncini_medium.jpg,http://www.diputados.gob.ar/diputados/ssimoncini/,SANTA FE,10/12/2011,9/12/2015,FRENTE PARA LA VICTORIA - PJ
745,"SLUGA, Juan Carlos",Buenos Aires,,,,,,
746,"SNOPEK, Carlos Daniel",Jujuy,,,,,,
747,"SODA, Maria Nilda",Misiones,,,,,,
748,"SOLA, Felipe Carlos",Buenos Aires,http://www4.hcdn.gob.ar/fotos/fsola_medium.jpg,http://www.diputados.gob.ar/diputados/fsola/,BUENOS AIRES,10/12/2009,9/12/2013,UNION PERONISTA
749,"SOLANAS, Fernando Ezequiel",Cdad.Aut.Bs.As.,http://www4.hcdn.gob.ar/fotos/fsolanas_medium.jpg,http://www.diputados.gob.ar/diputados/fsolanas/,CIUDAD de BUENOS AIRES,10/12/2009,9/12/2013,MOVIMIENTO PROYECTO SUR
75,"BALESTRINI, Alberto",Buenos Aires,,,,,,
750,"SOLANAS, Julio Rodolfo Francisco",Entre Ríos,http://www4.hcdn.gob.ar/fotos/jsolanas_medium.jpg,http://www.diputados.gob.ar/diputados/jsolanas/,ENTRE RIOS,10/12/2011,9/12/2015,FRENTE PARA LA VICTORIA - PJ
751,"SOLANAS, Raúl Patricio",Entre Ríos,,,,,,
752,"SOLMOIRAGO, Raul Jorge",Misiones,,,,,,
753,"SOSA, Carlos Alberto",Salta,,,,,,
754,"SOTO, Gladys Beatriz",Chaco,http://www4.hcdn.gob.ar/fotos/gsoto_medium.jpg,http://www.diputados.gob.ar/diputados/gsoto/,CHACO,10/12/2011,9/12/2015,FRENTE PARA LA VICTORIA - PJ
755,"SPATOLA, Paola Rosana",Buenos Aires,,,,,,
756,"STELLA, Anibal Jesus",Buenos Aires,,,,,,
757,"STOLBIZER, Margarita Rosa",Buenos Aires,http://www4.hcdn.gob.ar/fotos/mstolbizer_medium.jpg,http://www.diputados.gob.ar/diputados/mstolbizer/,BUENOS AIRES,10/12/2009,9/12/2013,GEN
758,"STORANI, Federico Teobaldo",Buenos Aires,,,,,,
759,"STORANI, María Luisa",Buenos Aires,http://www4.hcdn.gob.ar/fotos/mstorani_medium.jpg,http://www.diputados.gob.ar/diputados/mstorani/,BUENOS AIRES,10/12/2009,9/12/2013,UCR
76,"BALIAN, Alejandro",Córdoba,,,,,,
760,"STORERO, Hugo",Santa Fe,,,,,,
761,"STORNI, Silvia",Córdoba,,,,,,
762,"STUBRIN, Marcelo Juan Alberto",Cdad.Aut.Bs.As.,,,,,,
763,"SYLVESTRE BEGNIS, Juan Héctor",Santa Fe,,,,,,
764,"TANONI, Enrique",Salta,,,,,,
765,"TATE, Alicia Ester",Santa Fe,,,,,,
766,"TAZZIOLI, Atilio Pascual",Córdoba,,,,,,
767,"TERADA, Alicia",Chaco,http://www4.hcdn.gob.ar/fotos/aterada_medium.jpg,http://www.diputados.gob.ar/diputados/aterada/,CHACO,10/12/2009,9/12/2013,COALICION CIVICA - ARI
768,"THOMAS, Enrique Luis",Mendoza,http://www4.hcdn.gob.ar/fotos/ethomas_medium.jpg,http://www.diputados.gob.ar/diputados/ethomas/,MENDOZA,10/12/2009,9/12/2013,FRENTE PERONISTA
769,"TINEO, Javier Héctor",La Rioja,http://www4.hcdn.gob.ar/fotos/jtineo_medium.jpg,http://www.diputados.gob.ar/diputados/jtineo/,LA RIOJA,10/12/2011,9/12/2015,FRENTE PARA LA VICTORIA - PJ
77,"BALTUZZI, Angel Enzo",Santa Fe,,,,,,
770,"TINNIRELLO, Carlos Alberto",Cdad.Aut.Bs.As.,,,,,,
771,"TOLEDO, Hugo David",Buenos Aires,,,,,,
772,"TOMAS, Héctor Daniel",San Juan,http://www4.hcdn.gob.ar/fotos/htomas_medium.jpg,http://www.diputados.gob.ar/diputados/htomas/,SAN JUAN,10/12/2009,9/12/2013,FRENTE PARA LA VICTORIA - PJ
773,"TOMAZ, Adriana Elisa",Buenos Aires,,,,,,
774,"TONELLI, Pablo Gabriel",Buenos Aires,http://www4.hcdn.gob.ar/fotos/ptonelli_medium.jpg,http://www.diputados.gob.ar/diputados/ptonelli/,CIUDAD de BUENOS AIRES,10/12/2011,9/12/2015,PRO
775,"TONELLI, Pablo Gabriel",Cdad.Aut.Bs.As.,,,,,,
776,"TORFE, Mónica Liliana",Salta,,,,,,
777,"TORINO, Héctor Omar",San Luis,,,,,,
778,"TORRES, Francisco",Tucumán,,,,,,
779,"TORRONTEGUI, María Angélica",San Luis,,,,,,
78,"BARAGIOLA, Vilma Rosana",Buenos Aires,,,,,,
780,"TREJO, Luis Alberto",Tierra del Fuego,,,,,,
781,"TRIACA, Alberto Jorge",Cdad.Aut.Bs.As.,http://www4.hcdn.gob.ar/fotos/atriaca_medium.jpg,http://www.diputados.gob.ar/diputados/atriaca/,CIUDAD de BUENOS AIRES,10/12/2009,9/12/2013,PRO
782,"TULIO, Rosa Ester",Buenos Aires,,,,,,
783,"TUNESSI, Juan Pedro",Buenos Aires,http://www4.hcdn.gob.ar/fotos/jtunessi_medium.jpg,http://www.diputados.gob.ar/diputados/jtunessi/,BUENOS AIRES,10/12/2009,9/12/2013,UCR
784,"UBALDINI, Saul Edolver",Buenos Aires,,,,,,
785,"UÑAC, José Rubén",San Juan,http://www4.hcdn.gob.ar/fotos/junac_medium.jpg,http://www.diputados.gob.ar/diputados/junac/,SAN JUAN,10/12/2011,9/12/2015,FRENTE PARA LA VICTORIA - PJ
786,"URLICH, Carlos",Chaco,,,,,,
787,"URTUBEY, Juan Manuel",Salta,,,,,,
788,"VACA NARVAJA, Patricia",Córdoba,,,,,,
789,"VALINOTTO, Jorge Anselmo",Córdoba,http://www4.hcdn.gob.ar/fotos/jvalinotto_medium.jpg,http://www.diputados.gob.ar/diputados/jvalinotto/,CORDOBA,10/12/2011,9/12/2015,FRENTE CIVICO - CORDOBA
79,"BARBAGELATA, María Elena",Cdad.Aut.Bs.As.,,,,,,
790,"VANOSSI, Jorge",Cdad.Aut.Bs.As.,,,,,,
791,"VAQUIE, Enrique Andrés",Mendoza,http://www4.hcdn.gob.ar/fotos/evaquie_medium.jpg,http://www.diputados.gob.ar/diputados/evaquie/,MENDOZA,10/12/2011,9/12/2015,UCR
792,"VARGAS AIGNASSE, Gerónimo",Tucumán,,,,,,
793,"VARISCO, Sergio Fausto",Entre Ríos,,,,,,
794,"VARIZAT, Daniel Alberto",Santa Cruz,,,,,,
795,"VAZQUEZ de TABERNISE, Silvia Beatriz",Buenos Aires,,,,,,
796,"VAZQUEZ, Ricardo Hector",Buenos Aires,,,,,,
797,"VEAUTE, Mariana Alejandra",Catamarca,http://www4.hcdn.gob.ar/fotos/mveaute_medium.jpg,http://www.diputados.gob.ar/diputados/mveaute/,CATAMARCA,10/12/2009,9/12/2013,FRENTE CIVICO Y SOCIAL DE CATAMARCA
798,"VEGA, Juan Carlos",Córdoba,,,,,,
799,"VELARDE, Marta Sylvia",Santiago del Estero,,,,,,
8,"#, Legislador a Designar",Tucumán,,,,,,
80,"BARBIERI, Mario Leandro",Buenos Aires,http://www4.hcdn.gob.ar/fotos/mbarbieri_medium.jpg,http://www.diputados.gob.ar/diputados/mbarbieri/,BUENOS AIRES,10/12/2009,9/12/2013,UCR
800,"VENICA, Pedro Antonio",Formosa,,,,,,
801,"VERA, Pedro Ramón Ademar",Corrientes,,,,,,
802,"VIALE, Lisandro Alfredo",Entre Ríos,,,,,,
803,"VIDELA, Nora Esther",San Luis,http://www4.hcdn.gob.ar/fotos/nvidela_medium.jpg,http://www.diputados.gob.ar/diputados/nvidela/,SAN LUIS,10/12/2009,9/12/2013,FRENTE PERONISTA
804,"VILARIÑO, José Antonio",Salta,http://www4.hcdn.gob.ar/fotos/jvilarino_medium.jpg,http://www.diputados.gob.ar/diputados/jvilarino/,SALTA,10/12/2011,9/12/2015,FRENTE PARA LA VICTORIA - PJ
805,"VILLA, José Antonio",San Juan,http://www4.hcdn.gob.ar/fotos/jvilla_medium.jpg,http://www.diputados.gob.ar/diputados/jvilla/,SAN JUAN,10/12/2011,9/12/2015,FRENTE PARA LA VICTORIA - PJ
806,"VILLALBA, Alfredo Horacio",Buenos Aires,,,,,,
807,"VILLATA, Graciela Susana",Córdoba,http://www4.hcdn.gob.ar/fotos/gvillata_medium.jpg,http://www.diputados.gob.ar/diputados/gvillata/,CORDOBA,10/12/2011,9/12/2015,FRENTE CIVICO - CORDOBA
808,"VILLAVERDE, Jorge Antonio",Buenos Aires,,,,,,
809,"VITALE, Domingo",Buenos Aires,,,,,,
81,"BARCHETTA, Omar Segundo",Santa Fe,http://www4.hcdn.gob.ar/fotos/obarchetta_medium.jpg,http://www.diputados.gob.ar/diputados/obarchetta/,SANTA FE,10/12/2011,9/12/2015,PARTIDO SOCIALISTA
810,"VITAR, Jose Alberto",Tucumán,,,,,,
811,"VIVO, Horacio",Cdad.Aut.Bs.As.,,,,,,
812,"WALSH, Patricia",Cdad.Aut.Bs.As.,,,,,,
813,"WAYAR, Walter Raúl",Salta,http://www4.hcdn.gob.ar/fotos/wwayar_medium.jpg,http://www.diputados.gob.ar/diputados/wwayar/,SALTA,10/12/2009,9/12/2013,FRENTE PERONISTA FEDERAL
814,"WEST, Mariano Federíco",Buenos Aires,,,,,,
815,"WILDER, Ricardo",Tierra del Fuego,,,,,,
816,"YAGÛE, Linda Cristina",Neuquén,http://www4.hcdn.gob.ar/fotos/lyague_medium.jpg,http://www.diputados.gob.ar/diputados/lyague/,NEUQUEN,10/12/2009,9/12/2013,UCR
817,"YARADE, Rodolfo Fernando",Salta,http://www4.hcdn.gob.ar/fotos/fyarade_medium.jpg,http://www.diputados.gob.ar/diputados/fyarade/,SALTA,10/12/2009,9/12/2013,FRENTE PARA LA VICTORIA - PJ
818,"YAZBEK, Rubén David",Catamarca,http://www4.hcdn.gob.ar/fotos/ryazbek_medium.jpg,http://www.diputados.gob.ar/diputados/ryazbek/,CATAMARCA,10/12/2009,9/12/2013,FRENTE PARA LA VICTORIA - PJ
819,"YOMA, Jorge Raul",La Rioja,http://www4.hcdn.gob.ar/fotos/jyoma_medium.jpg,http://www.diputados.gob.ar/diputados/jyoma/,LA RIOJA,10/12/2009,9/12/2013,FRENTE PARA LA VICTORIA - PJ
82,"BARRANDEGUY, Raúl Enrique",Entre Ríos,http://www4.hcdn.gob.ar/fotos/rbarrandeguy_medium.jpg,http://www.diputados.gob.ar/diputados/rbarrandeguy/,ENTRE RIOS,10/12/2009,9/12/2013,FRENTE PARA LA VICTORIA - PJ
820,"ZABALZA, Juan Carlos",Santa Fe,http://www4.hcdn.gob.ar/fotos/jzabalza_medium.jpg,http://www.diputados.gob.ar/diputados/jzabalza/,SANTA FE,10/12/2011,9/12/2015,PARTIDO SOCIALISTA
821,"ZAMARREÑO, María Eugenia",Buenos Aires,http://www4.hcdn.gob.ar/fotos/mzamarreno_medium.jpg,http://www.diputados.gob.ar/diputados/mzamarreno/,BUENOS AIRES,10/12/2011,9/12/2015,FRENTE PARA LA VICTORIA - PJ
822,"ZAMORA, Luis Fernando",Cdad.Aut.Bs.As.,,,,,,
823,"ZANCADA, Pablo",Santa Fe,,,,,,
824,"ZAVALLO, Gustavo",Entre Ríos,,,,,,
825,"ZBAR, Agustín",Cdad.Aut.Bs.As.,,,,,,
826,"ZIEBART, Cristina Isabel",Chubut,http://www4.hcdn.gob.ar/fotos/cziebart_medium.jpg,http://www.diputados.gob.ar/diputados/cziebart/,CHUBUT,10/12/2011,9/12/2015,FRENTE PARA LA VICTORIA - PJ
827,"ZIEGLER, Alex Roberto",Misiones,http://www4.hcdn.gob.ar/fotos/aziegler_medium.jpg,http://www.diputados.gob.ar/diputados/aziegler/,MISIONES,10/12/2009,9/12/2013,"FRENTE PARA LA 
VICTORIA - PJ"
828,"ZIMMERMANN, Víctor",Chaco,,,,,,
829,"ZOTTOS, Miguel Andrés Costas",Salta,,,,,,
83,"BARRIONUEVO, José Luis",Catamarca,,,,,,
830,"ZUCCARDI, Cristina",Mendoza,,,,,,
831,"ZUÑIGA, Ovidio Octavio",Rio Negro,,,,,,
832,"BETTANIN, Juan Carlos",Santa Fe,http://www4.hcdn.gob.ar/fotos/_silueta_medium.jpg,#,SANTA FE,10/12/2009,9/12/2013,FRENTE NUEVO ENCUENTRO
84,"BARRIOS, Miguel Angel",Santa Fe,,,,,,
85,"BARTOLUCCI, Gilda Liliana",San Luis,,,,,,
86,"BASILE, Daniel Armando",Buenos Aires,,,,,,
87,"BASTEIRO, Sergio Ariel",Buenos Aires,,,,,,
88,"BASTERRA, Luis Eugenio",Formosa,http://www4.hcdn.gob.ar/fotos/lbasterra_medium.jpg,http://www.diputados.gob.ar/diputados/lbasterra/,FORMOSA,10/12/2011,9/12/2015,FRENTE PARA LA VICTORIA - PJ
89,"BASUALDO, Roberto",San Juan,,,,,,
9,"ABALOS, Roberto",Santiago del Estero,,,,,,
90,"BAYLAC, Juan Pablo",Buenos Aires,,,,,,
91,"BAYONZO, Liliana Amelia",Chaco,,,,,,
92,"BAZZE, Miguel Ángel",Buenos Aires,http://www4.hcdn.gob.ar/fotos/mbazze_medium.jpg,http://www.diputados.gob.ar/diputados/mbazze/,BUENOS AIRES,10/12/2011,9/12/2015,UCR
93,"BECCANI, Alberto Juan",Santa Fe,,,,,,
94,"BECERRA, Omar Enrique",Tierra del Fuego,,,,,,
95,"BEDANO, Nora Esther",Córdoba,http://www4.hcdn.gob.ar/fotos/nbedano_medium.jpg,http://www.diputados.gob.ar/diputados/nbedano/,CORDOBA,10/12/2011,9/12/2015,FRENTE PARA LA VICTORIA - PJ
96,"BEJARANO, Mario Fernando",Formosa,,,,,,
97,"BELOUS, Nélida",Tierra del Fuego,,,,,,
98,"BENAS, Verónica Claudia",Santa Fe,,,,,,
99,"BENEDETTI, Atilio Francisco Salvador",Entre Ríos,http://www4.hcdn.gob.ar/fotos/abenedetti_medium.jpg,http://www.diputados.gob.ar/diputados/abenedetti/,ENTRE RIOS,10/12/2009,9/12/2013,UCR
