distrito,agrupacion,candidato,categoria
Buenos Aires,ALIANZA FRENTE PARA LA VICTORIA,"1 - Insaurralde, Martin",Diputados Nacionales
Buenos Aires,ALIANZA FRENTE PARA LA VICTORIA,"2 - Di Tullio, Juliana",Diputados Nacionales
Buenos Aires,ALIANZA FRENTE PARA LA VICTORIA,"3 - Magario, Veronica Maria",Diputados Nacionales
Buenos Aires,ALIANZA FRENTE PARA LA VICTORIA,"4 - Recalde, Hector Pedro",Diputados Nacionales
Buenos Aires,ALIANZA FRENTE PARA LA VICTORIA,"5 - Carlotto, Remo Gerardo",Diputados Nacionales
Buenos Aires,ALIANZA FRENTE PARA LA VICTORIA,"6 - Garcia, Maria Teresa",Diputados Nacionales
Buenos Aires,ALIANZA FRENTE PARA LA VICTORIA,"7 - Kunkel, Carlos Miguel",Diputados Nacionales
Buenos Aires,ALIANZA FRENTE PARA LA VICTORIA,"8 - Moreno, Carlos Julio",Diputados Nacionales
Buenos Aires,ALIANZA FRENTE PARA LA VICTORIA,"9 - Conti, Diana Beatriz",Diputados Nacionales
Buenos Aires,ALIANZA FRENTE PARA LA VICTORIA,"10 - Depetri, Edgardo Fernando",Diputados Nacionales
Buenos Aires,ALIANZA FRENTE PARA LA VICTORIA,"11 - Romero, Oscar Alberto",Diputados Nacionales
Buenos Aires,ALIANZA FRENTE PARA LA VICTORIA,"12 - Visconti, Isabel Beatriz",Diputados Nacionales
Buenos Aires,ALIANZA FRENTE PARA LA VICTORIA,"13 - Cigogna, Luis Francisco",Diputados Nacionales
Buenos Aires,ALIANZA FRENTE PARA LA VICTORIA,"14 - Raverta, Maria Fernanda",Diputados Nacionales
Buenos Aires,ALIANZA FRENTE PARA LA VICTORIA,"15 - Arrieta, Gustavo Hector",Diputados Nacionales
Buenos Aires,ALIANZA FRENTE PARA LA VICTORIA,"16 - Grana, Adrian Eduardo",Diputados Nacionales
Buenos Aires,ALIANZA FRENTE PARA LA VICTORIA,"17 - Arnaldi, Monica Susana",Diputados Nacionales
Buenos Aires,ALIANZA FRENTE PARA LA VICTORIA,"18 - Onorato, Gildo Ezequiel",Diputados Nacionales
Buenos Aires,ALIANZA FRENTE PARA LA VICTORIA,"19 - Rojas, Lucia Florentina",Diputados Nacionales
Buenos Aires,ALIANZA FRENTE PARA LA VICTORIA,"20 - Bolinaga, Daniel Nestor",Diputados Nacionales
Buenos Aires,ALIANZA FRENTE PARA LA VICTORIA,"21 - Vespertino Koenig, Marcelo Christian",Diputados Nacionales
Buenos Aires,ALIANZA FRENTE PARA LA VICTORIA,"22 - Balor, Ana Luz",Diputados Nacionales
Buenos Aires,ALIANZA FRENTE PARA LA VICTORIA,"23 - Torremare, Guillermo Francisco",Diputados Nacionales
Buenos Aires,ALIANZA FRENTE PARA LA VICTORIA,"24 - Martinelli, Luis Maria",Diputados Nacionales
Buenos Aires,ALIANZA FRENTE PARA LA VICTORIA,"25 - Solis, Silvia Cristina",Diputados Nacionales
Buenos Aires,ALIANZA FRENTE PARA LA VICTORIA,"26 - Ruete, Rodrigo Maria",Diputados Nacionales
Buenos Aires,ALIANZA FRENTE PARA LA VICTORIA,"27 - Revora, Santiago Eduardo",Diputados Nacionales
Buenos Aires,ALIANZA FRENTE PARA LA VICTORIA,"28 - Alonso, Alicia Monica",Diputados Nacionales
Buenos Aires,ALIANZA FRENTE PARA LA VICTORIA,"29 - Martinez, Miguel Angel",Diputados Nacionales
Buenos Aires,ALIANZA FRENTE PARA LA VICTORIA,"30 - Diego, Leandro Roberto",Diputados Nacionales
Buenos Aires,ALIANZA FRENTE PARA LA VICTORIA,"31 - Lampreabe, Florencia",Diputados Nacionales
Buenos Aires,ALIANZA FRENTE PARA LA VICTORIA,"32 - Pereyra, Pablo Javier",Diputados Nacionales
Buenos Aires,ALIANZA FRENTE PARA LA VICTORIA,"33 - Algañaraz, Maria Elena",Diputados Nacionales
Buenos Aires,ALIANZA FRENTE PARA LA VICTORIA,"34 - Garcia, Enrique",Diputados Nacionales
Buenos Aires,ALIANZA FRENTE PARA LA VICTORIA,"35 - Gutierrez, Omar David",Diputados Nacionales
Buenos Aires,FRENTE DE IZQUIERDA Y DE LOS TRABAJADORES,"1 - Pitrola, Nestor Antonio",Diputados Nacionales
Buenos Aires,FRENTE DE IZQUIERDA Y DE LOS TRABAJADORES,"2 - Bregman, Myriam Teresa",Diputados Nacionales
Buenos Aires,FRENTE DE IZQUIERDA Y DE LOS TRABAJADORES,"3 - Giordano, Juan Carlos",Diputados Nacionales
Buenos Aires,FRENTE DE IZQUIERDA Y DE LOS TRABAJADORES,"4 - Rapanelli, Daniel Mario",Diputados Nacionales
Buenos Aires,FRENTE DE IZQUIERDA Y DE LOS TRABAJADORES,"5 - Simioni, Luana",Diputados Nacionales
Buenos Aires,FRENTE DE IZQUIERDA Y DE LOS TRABAJADORES,"6 - Reynoso, Edgardo Ernesto",Diputados Nacionales
Buenos Aires,FRENTE DE IZQUIERDA Y DE LOS TRABAJADORES,"7 - Rodriguez, Juan Pablo",Diputados Nacionales
Buenos Aires,FRENTE DE IZQUIERDA Y DE LOS TRABAJADORES,"8 - Alfaro, Paula Anahi",Diputados Nacionales
Buenos Aires,FRENTE DE IZQUIERDA Y DE LOS TRABAJADORES,"9 - Ayala, Eduardo",Diputados Nacionales
Buenos Aires,FRENTE DE IZQUIERDA Y DE LOS TRABAJADORES,"10 - Garcia, Aurora Amelia",Diputados Nacionales
Buenos Aires,FRENTE DE IZQUIERDA Y DE LOS TRABAJADORES,"11 - Bustillo, Flavio Seguro",Diputados Nacionales
Buenos Aires,FRENTE DE IZQUIERDA Y DE LOS TRABAJADORES,"12 - Bou Abdo, Nelsa Josefa",Diputados Nacionales
Buenos Aires,FRENTE DE IZQUIERDA Y DE LOS TRABAJADORES,"13 - Hospital, Jorge Dario",Diputados Nacionales
Buenos Aires,FRENTE DE IZQUIERDA Y DE LOS TRABAJADORES,"14 - Urbanovich, David",Diputados Nacionales
Buenos Aires,FRENTE DE IZQUIERDA Y DE LOS TRABAJADORES,"15 - Havercohn, Laura Beatriz",Diputados Nacionales
Buenos Aires,FRENTE DE IZQUIERDA Y DE LOS TRABAJADORES,"16 - Perez, Carlos Alberto",Diputados Nacionales
Buenos Aires,FRENTE DE IZQUIERDA Y DE LOS TRABAJADORES,"17 - Vera Ibañez, Gabriela",Diputados Nacionales
Buenos Aires,FRENTE DE IZQUIERDA Y DE LOS TRABAJADORES,"18 - Suppa, Juan",Diputados Nacionales
Buenos Aires,FRENTE DE IZQUIERDA Y DE LOS TRABAJADORES,"19 - Garralda, Pia",Diputados Nacionales
Buenos Aires,FRENTE DE IZQUIERDA Y DE LOS TRABAJADORES,"20 - Lavalle, Ignacio Martin",Diputados Nacionales
Buenos Aires,FRENTE DE IZQUIERDA Y DE LOS TRABAJADORES,"21 - Constrisciani, Juan",Diputados Nacionales
Buenos Aires,FRENTE DE IZQUIERDA Y DE LOS TRABAJADORES,"22 - Troitiño, Silvana Alicia",Diputados Nacionales
Buenos Aires,FRENTE DE IZQUIERDA Y DE LOS TRABAJADORES,"23 - Casas, Guillermo Alberto",Diputados Nacionales
Buenos Aires,FRENTE DE IZQUIERDA Y DE LOS TRABAJADORES,"24 - Beica, Juan Carlos",Diputados Nacionales
Buenos Aires,FRENTE DE IZQUIERDA Y DE LOS TRABAJADORES,"25 - Alonso Armesto, Maria Ines",Diputados Nacionales
Buenos Aires,FRENTE DE IZQUIERDA Y DE LOS TRABAJADORES,"26 - Biaggio, Nora Iris",Diputados Nacionales
Buenos Aires,FRENTE DE IZQUIERDA Y DE LOS TRABAJADORES,"27 - Viñals, Ariel",Diputados Nacionales
Buenos Aires,FRENTE DE IZQUIERDA Y DE LOS TRABAJADORES,"28 - Talmon, Debora Julieta",Diputados Nacionales
Buenos Aires,FRENTE DE IZQUIERDA Y DE LOS TRABAJADORES,"29 - Relañez, Walter Esteban",Diputados Nacionales
Buenos Aires,FRENTE DE IZQUIERDA Y DE LOS TRABAJADORES,"30 - Sobrado, Jorge Raul",Diputados Nacionales
Buenos Aires,FRENTE DE IZQUIERDA Y DE LOS TRABAJADORES,"31 - Farias, Nancy Valeria",Diputados Nacionales
Buenos Aires,FRENTE DE IZQUIERDA Y DE LOS TRABAJADORES,"32 - Mayer, Christian Marcelo",Diputados Nacionales
Buenos Aires,FRENTE DE IZQUIERDA Y DE LOS TRABAJADORES,"33 - Falcon, Karina",Diputados Nacionales
Buenos Aires,FRENTE DE IZQUIERDA Y DE LOS TRABAJADORES,"34 - Alderete, Jose Marcelo",Diputados Nacionales
Buenos Aires,FRENTE DE IZQUIERDA Y DE LOS TRABAJADORES,"35 - Vazquez, Dalia",Diputados Nacionales
Buenos Aires,"FRENTE PROGRESISTA, CIVICO Y SOCIAL","1 - Stolbizer, Margarita Rosa",Diputados Nacionales
Buenos Aires,"FRENTE PROGRESISTA, CIVICO Y SOCIAL","2 - Alfonsin, Ricardo Luis",Diputados Nacionales
Buenos Aires,"FRENTE PROGRESISTA, CIVICO Y SOCIAL","3 - Gutierrez, Hector Maria",Diputados Nacionales
Buenos Aires,"FRENTE PROGRESISTA, CIVICO Y SOCIAL","4 - Troiano, Gabriela Alejandra",Diputados Nacionales
Buenos Aires,"FRENTE PROGRESISTA, CIVICO Y SOCIAL","5 - Milman, Gerardo Fabian",Diputados Nacionales
Buenos Aires,"FRENTE PROGRESISTA, CIVICO Y SOCIAL","6 - Tunessi, Juan Pedro",Diputados Nacionales
Buenos Aires,"FRENTE PROGRESISTA, CIVICO Y SOCIAL","7 - Storani, Maria Luisa",Diputados Nacionales
Buenos Aires,"FRENTE PROGRESISTA, CIVICO Y SOCIAL","8 - Ceballos, Jorge Raul",Diputados Nacionales
Buenos Aires,"FRENTE PROGRESISTA, CIVICO Y SOCIAL","9 - Piani, Liliana Alicia",Diputados Nacionales
Buenos Aires,"FRENTE PROGRESISTA, CIVICO Y SOCIAL","10 - Torregiani, Elio Arnaldo",Diputados Nacionales
Buenos Aires,"FRENTE PROGRESISTA, CIVICO Y SOCIAL","11 - Villalba, Gladis Beatriz",Diputados Nacionales
Buenos Aires,"FRENTE PROGRESISTA, CIVICO Y SOCIAL","12 - Pertica, Leonel Norberto",Diputados Nacionales
Buenos Aires,"FRENTE PROGRESISTA, CIVICO Y SOCIAL","13 - Menendez, Claudia Liliana",Diputados Nacionales
Buenos Aires,"FRENTE PROGRESISTA, CIVICO Y SOCIAL","14 - Della Vedova, Roman",Diputados Nacionales
Buenos Aires,"FRENTE PROGRESISTA, CIVICO Y SOCIAL","15 - Antedomenico, Andres Maria",Diputados Nacionales
Buenos Aires,"FRENTE PROGRESISTA, CIVICO Y SOCIAL","16 - Vallarino, Ricardo",Diputados Nacionales
Buenos Aires,"FRENTE PROGRESISTA, CIVICO Y SOCIAL","17 - Arana, Nora Beatriz",Diputados Nacionales
Buenos Aires,"FRENTE PROGRESISTA, CIVICO Y SOCIAL","18 - Flores, Julio Eduardo",Diputados Nacionales
Buenos Aires,"FRENTE PROGRESISTA, CIVICO Y SOCIAL","19 - Font, Francisco Jose",Diputados Nacionales
Buenos Aires,"FRENTE PROGRESISTA, CIVICO Y SOCIAL","20 - Lyonnet, Blanca Mabel",Diputados Nacionales
Buenos Aires,"FRENTE PROGRESISTA, CIVICO Y SOCIAL","21 - Mayoral, Daniel",Diputados Nacionales
Buenos Aires,"FRENTE PROGRESISTA, CIVICO Y SOCIAL","22 - Melcon, Susana Beatriz",Diputados Nacionales
Buenos Aires,"FRENTE PROGRESISTA, CIVICO Y SOCIAL","23 - Fittipaldi, Hugo Alberto",Diputados Nacionales
Buenos Aires,"FRENTE PROGRESISTA, CIVICO Y SOCIAL","24 - Ruiz, Maria Elena",Diputados Nacionales
Buenos Aires,"FRENTE PROGRESISTA, CIVICO Y SOCIAL","25 - Arceluz, Victoria Florencia",Diputados Nacionales
Buenos Aires,"FRENTE PROGRESISTA, CIVICO Y SOCIAL","26 - Lopez, Mariana",Diputados Nacionales
Buenos Aires,"FRENTE PROGRESISTA, CIVICO Y SOCIAL","27 - Sguiglia, Deonisio Armando",Diputados Nacionales
Buenos Aires,"FRENTE PROGRESISTA, CIVICO Y SOCIAL","28 - Arruti, Silvana Cecilia",Diputados Nacionales
Buenos Aires,"FRENTE PROGRESISTA, CIVICO Y SOCIAL","29 - Sosa, Carolina Mariel",Diputados Nacionales
Buenos Aires,"FRENTE PROGRESISTA, CIVICO Y SOCIAL","30 - Ru, Mario Cristobal",Diputados Nacionales
Buenos Aires,"FRENTE PROGRESISTA, CIVICO Y SOCIAL","31 - Ramirez, Irma Nelida",Diputados Nacionales
Buenos Aires,"FRENTE PROGRESISTA, CIVICO Y SOCIAL","32 - Santillan, Daniela Ivana",Diputados Nacionales
Buenos Aires,"FRENTE PROGRESISTA, CIVICO Y SOCIAL","33 - Barberio Novillo, Jorge Carlos",Diputados Nacionales
Buenos Aires,"FRENTE PROGRESISTA, CIVICO Y SOCIAL","34 - Crisostomo, Pablo Gabriel",Diputados Nacionales
Buenos Aires,"FRENTE PROGRESISTA, CIVICO Y SOCIAL","35 - Kuhn Gonzalez, Luis Fernando",Diputados Nacionales
Buenos Aires,FRENTE RENOVADOR,"1 - Massa, Sergio Tomas",Diputados Nacionales
Buenos Aires,FRENTE RENOVADOR,"2 - Giustozzi, Ruben Dario",Diputados Nacionales
Buenos Aires,FRENTE RENOVADOR,"3 - Tundis, Mirtha",Diputados Nacionales
Buenos Aires,FRENTE RENOVADOR,"4 - Sola, Felipe Carlos",Diputados Nacionales
Buenos Aires,FRENTE RENOVADOR,"5 - De Mendiguren, Jose Ignacio",Diputados Nacionales
Buenos Aires,FRENTE RENOVADOR,"6 - Martinez, Soledad",Diputados Nacionales
Buenos Aires,FRENTE RENOVADOR,"7 - Perez, Jose Adrian",Diputados Nacionales
Buenos Aires,FRENTE RENOVADOR,"8 - Guzman, Sandro Adrian",Diputados Nacionales
Buenos Aires,FRENTE RENOVADOR,"9 - Azucena Ehcosor, Maria",Diputados Nacionales
Buenos Aires,FRENTE RENOVADOR,"10 - Alegre, Gilberto Oscar",Diputados Nacionales
Buenos Aires,FRENTE RENOVADOR,"11 - Daer, Hector Ricardo",Diputados Nacionales
Buenos Aires,FRENTE RENOVADOR,"12 - Gonzalez, Gladys Esther",Diputados Nacionales
Buenos Aires,FRENTE RENOVADOR,"13 - Gribaudo, Christian Alejandro",Diputados Nacionales
Buenos Aires,FRENTE RENOVADOR,"14 - D' Alessandro, Marcelo",Diputados Nacionales
Buenos Aires,FRENTE RENOVADOR,"15 - Schwindt, Maria Liliana",Diputados Nacionales
Buenos Aires,FRENTE RENOVADOR,"16 - Fabiani, Eduardo Alberto",Diputados Nacionales
Buenos Aires,FRENTE RENOVADOR,"17 - Alonso, Horacio Fernando",Diputados Nacionales
Buenos Aires,FRENTE RENOVADOR,"18 - Litza, Monica Edith",Diputados Nacionales
Buenos Aires,FRENTE RENOVADOR,"19 - Caviglia, Franco Agustin",Diputados Nacionales
Buenos Aires,FRENTE RENOVADOR,"20 - Melzi, Carlos Emilio",Diputados Nacionales
Buenos Aires,FRENTE RENOVADOR,"21 - Couly, Veronica",Diputados Nacionales
Buenos Aires,FRENTE RENOVADOR,"22 - Solmi, Jorge Alberto",Diputados Nacionales
Buenos Aires,FRENTE RENOVADOR,"23 - Gianola, Fabian Javier",Diputados Nacionales
Buenos Aires,FRENTE RENOVADOR,"24 - Vanelli, Sofía",Diputados Nacionales
Buenos Aires,FRENTE RENOVADOR,"25 - Saredi, Roberto Miguel",Diputados Nacionales
Buenos Aires,FRENTE RENOVADOR,"26 - Errazu, Horacio Alberto",Diputados Nacionales
Buenos Aires,FRENTE RENOVADOR,"27 - Grandi, Ana Maria",Diputados Nacionales
Buenos Aires,FRENTE RENOVADOR,"28 - Alessandrini, Fabian Dario",Diputados Nacionales
Buenos Aires,FRENTE RENOVADOR,"29 - Alende, Carlos Marcelo",Diputados Nacionales
Buenos Aires,FRENTE RENOVADOR,"30 - Schuster, Elisa Noemi",Diputados Nacionales
Buenos Aires,FRENTE RENOVADOR,"31 - Di Salvo, Miguel Angel",Diputados Nacionales
Buenos Aires,FRENTE RENOVADOR,"32 - Errecalde, Sergio Orlando",Diputados Nacionales
Buenos Aires,FRENTE RENOVADOR,"33 - Tedeschi, Maria Jose",Diputados Nacionales
Buenos Aires,FRENTE RENOVADOR,"34 - Ibarra, Gabriel Felix",Diputados Nacionales
Buenos Aires,FRENTE RENOVADOR,"35 - Larraburu, Damaso",Diputados Nacionales
Buenos Aires,UNIDOS POR LA LIBERTAD Y EL TRABAJO,"1 - De Narvaez Steuer, Francisco",Diputados Nacionales
Buenos Aires,UNIDOS POR LA LIBERTAD Y EL TRABAJO,"2 - Plaini, Francisco Omar",Diputados Nacionales
Buenos Aires,UNIDOS POR LA LIBERTAD Y EL TRABAJO,"3 - Rucci, Claudia Monica",Diputados Nacionales
Buenos Aires,UNIDOS POR LA LIBERTAD Y EL TRABAJO,"4 - Ferrari, Gustavo Alfredo Horacio",Diputados Nacionales
Buenos Aires,UNIDOS POR LA LIBERTAD Y EL TRABAJO,"5 - Amoroso, Victor Daniel",Diputados Nacionales
Buenos Aires,UNIDOS POR LA LIBERTAD Y EL TRABAJO,"6 - Laburu, Susana Lidia",Diputados Nacionales
Buenos Aires,UNIDOS POR LA LIBERTAD Y EL TRABAJO,"7 - Atanasof, Alfredo",Diputados Nacionales
Buenos Aires,UNIDOS POR LA LIBERTAD Y EL TRABAJO,"8 - Gambaro, Natalia",Diputados Nacionales
Buenos Aires,UNIDOS POR LA LIBERTAD Y EL TRABAJO,"9 - Klein, Silvio Franco",Diputados Nacionales
Buenos Aires,UNIDOS POR LA LIBERTAD Y EL TRABAJO,"10 - Goñi Campagiorni, Javier Jose",Diputados Nacionales
Buenos Aires,UNIDOS POR LA LIBERTAD Y EL TRABAJO,"11 - Matorras, Claudio",Diputados Nacionales
Buenos Aires,UNIDOS POR LA LIBERTAD Y EL TRABAJO,"12 - Cordoba, Laura Graciela",Diputados Nacionales
Buenos Aires,UNIDOS POR LA LIBERTAD Y EL TRABAJO,"13 - Juara, Gerardo Gabriel",Diputados Nacionales
Buenos Aires,UNIDOS POR LA LIBERTAD Y EL TRABAJO,"14 - Diaz, Miguel Angel",Diputados Nacionales
Buenos Aires,UNIDOS POR LA LIBERTAD Y EL TRABAJO,"15 - Colombo, Mercedes",Diputados Nacionales
Buenos Aires,UNIDOS POR LA LIBERTAD Y EL TRABAJO,"16 - Fontanes, Dora Beatriz",Diputados Nacionales
Buenos Aires,UNIDOS POR LA LIBERTAD Y EL TRABAJO,"17 - Zapata, Ricardo Horacio",Diputados Nacionales
Buenos Aires,UNIDOS POR LA LIBERTAD Y EL TRABAJO,"18 - Granillo Fernandez, Alejandro Jose",Diputados Nacionales
Buenos Aires,UNIDOS POR LA LIBERTAD Y EL TRABAJO,"19 - Barrero, Maria Esther",Diputados Nacionales
Buenos Aires,UNIDOS POR LA LIBERTAD Y EL TRABAJO,"20 - Restuccia, Eduardo Julio",Diputados Nacionales
Buenos Aires,UNIDOS POR LA LIBERTAD Y EL TRABAJO,"21 - Cano, Leandro Ariel",Diputados Nacionales
Buenos Aires,UNIDOS POR LA LIBERTAD Y EL TRABAJO,"22 - Mogni, Maria Graciela",Diputados Nacionales
Buenos Aires,UNIDOS POR LA LIBERTAD Y EL TRABAJO,"23 - Frigerio, Carlos Guido",Diputados Nacionales
Buenos Aires,UNIDOS POR LA LIBERTAD Y EL TRABAJO,"24 - Cichello, Ignacio Ernesto",Diputados Nacionales
Buenos Aires,UNIDOS POR LA LIBERTAD Y EL TRABAJO,"25 - Harrison, Ana Priscilla",Diputados Nacionales
Buenos Aires,UNIDOS POR LA LIBERTAD Y EL TRABAJO,"26 - Murgo, Juan Carlos",Diputados Nacionales
Buenos Aires,UNIDOS POR LA LIBERTAD Y EL TRABAJO,"27 - Prada, Enrique Alejandro",Diputados Nacionales
Buenos Aires,UNIDOS POR LA LIBERTAD Y EL TRABAJO,"28 - Arce Scazzari, Sabrina Soledad",Diputados Nacionales
Buenos Aires,UNIDOS POR LA LIBERTAD Y EL TRABAJO,"29 - Rodriguez Gerino, Ignacio",Diputados Nacionales
Buenos Aires,UNIDOS POR LA LIBERTAD Y EL TRABAJO,"30 - Martinez Chas, Juan Manuel",Diputados Nacionales
Buenos Aires,UNIDOS POR LA LIBERTAD Y EL TRABAJO,"31 - Antonini, Maria Del Carmen",Diputados Nacionales
Buenos Aires,UNIDOS POR LA LIBERTAD Y EL TRABAJO,"32 - Anchoni, Lucas Javier",Diputados Nacionales
Buenos Aires,UNIDOS POR LA LIBERTAD Y EL TRABAJO,"33 - Cuervo, Monica Susana",Diputados Nacionales
Buenos Aires,UNIDOS POR LA LIBERTAD Y EL TRABAJO,"34 - Perez Tamayo, Jorge Alberto",Diputados Nacionales
Buenos Aires,UNIDOS POR LA LIBERTAD Y EL TRABAJO,"35 - Moyano, Hugo Antonio",Diputados Nacionales
Buenos Aires,UNION CON FE,"1 - Venegas, Geronimo ""Momo""",Diputados Nacionales
Buenos Aires,UNION CON FE,"2 - Gonzalez Fernandez, Teresa ""La Colo""",Diputados Nacionales
Buenos Aires,UNION CON FE,"3 - Guadagni, Alieto",Diputados Nacionales
Buenos Aires,UNION CON FE,"4 - Neves, Juan Carlos",Diputados Nacionales
Buenos Aires,UNION CON FE,"5 - Sfasciotti, Graciela Mabel",Diputados Nacionales
Buenos Aires,UNION CON FE,"6 - Druetta, Gustavo Adolfo",Diputados Nacionales
Buenos Aires,UNION CON FE,"7 - Alva, Oscar Hector",Diputados Nacionales
Buenos Aires,UNION CON FE,"8 - Roffo, Graciela Elena",Diputados Nacionales
Buenos Aires,UNION CON FE,"9 - Palacio, Alfredo Hugo",Diputados Nacionales
Buenos Aires,UNION CON FE,"10 - Schiariti, Miguel Alberto",Diputados Nacionales
Buenos Aires,UNION CON FE,"11 - Sanchez Jauregui, Natalia Andrea",Diputados Nacionales
Buenos Aires,UNION CON FE,"12 - Ciancio, Juan Luis",Diputados Nacionales
Buenos Aires,UNION CON FE,"13 - Lopez, Jorge",Diputados Nacionales
Buenos Aires,UNION CON FE,"14 - Sobrado, Maria Cristina",Diputados Nacionales
Buenos Aires,UNION CON FE,"15 - Franke, Roberto Ignacio",Diputados Nacionales
Buenos Aires,UNION CON FE,"16 - Lujan, Ramon Jose",Diputados Nacionales
Buenos Aires,UNION CON FE,"17 - Henchoz, Liliana Sol",Diputados Nacionales
Buenos Aires,UNION CON FE,"18 - Lobo, Diego Andres",Diputados Nacionales
Buenos Aires,UNION CON FE,"19 - Del Valle Barros, Juan Americo",Diputados Nacionales
Buenos Aires,UNION CON FE,"20 - Llagarias Miglionico, Maria Leticia",Diputados Nacionales
Buenos Aires,UNION CON FE,"21 - Hercilia Moscardi, Maria Cristina",Diputados Nacionales
Buenos Aires,UNION CON FE,"22 - Mayo, Sergio Ariel",Diputados Nacionales
Buenos Aires,UNION CON FE,"23 - Moran, Rodrigo Matias",Diputados Nacionales
Buenos Aires,UNION CON FE,"24 - Ferreyra, Sandra Silvia",Diputados Nacionales
Buenos Aires,UNION CON FE,"25 - Fernandez, Hector Alberto",Diputados Nacionales
Buenos Aires,UNION CON FE,"26 - Francavilla, Dora Cecilia",Diputados Nacionales
Buenos Aires,UNION CON FE,"27 - Zalazar, Cayetano Ramon",Diputados Nacionales
Buenos Aires,UNION CON FE,"28 - Castro, Carlos Arturo",Diputados Nacionales
Buenos Aires,UNION CON FE,"29 - Romero, Ana Maria",Diputados Nacionales
Buenos Aires,UNION CON FE,"30 - Boraci, Raul Alfredo",Diputados Nacionales
Buenos Aires,UNION CON FE,"31 - Bezrutschko, Mariana",Diputados Nacionales
Buenos Aires,UNION CON FE,"32 - Poblet, Jesus Eduardo",Diputados Nacionales
Buenos Aires,UNION CON FE,"33 - Ibañez, Luis Adolfo",Diputados Nacionales
Buenos Aires,UNION CON FE,"34 - Portillo, Jaqueline",Diputados Nacionales
Buenos Aires,UNION CON FE,"35 - Aguilar, Manuel Roberto",Diputados Nacionales
Catamarca,ALIANZA FRENTE CIVICO Y SOCIAL,"1 - Brizuela Del Moral, Eduardo Segundo",Diputados Nacionales
Catamarca,ALIANZA FRENTE CIVICO Y SOCIAL,"2 - Juarez, Miriam Del Valle",Diputados Nacionales
Catamarca,ALIANZA FRENTE CIVICO Y SOCIAL,"3 - Diaz, Ursula Ornella",Diputados Nacionales
Catamarca,FRENTE PARA LA VICTORIA,"1 - Tomassi, Nestor Nicolas",Diputados Nacionales
Catamarca,FRENTE PARA LA VICTORIA,"2 - Moreta, Silvia Luz",Diputados Nacionales
Catamarca,FRENTE PARA LA VICTORIA,"3 - Gutierrez, Victor Octavio",Diputados Nacionales
Catamarca,FRENTE TERCERA POSICION - UNIDAD CATAMARQUEÑA,"1 - Barrionuevo, Jose Luis",Diputados Nacionales
Catamarca,FRENTE TERCERA POSICION - UNIDAD CATAMARQUEÑA,"2 - Moro Gradis, Del Valle",Diputados Nacionales
Catamarca,FRENTE TERCERA POSICION - UNIDAD CATAMARQUEÑA,"3 - Bustamante, Claudio David",Diputados Nacionales
Catamarca,OBRERO,"1 - Lopez, Ariel Antonio",Diputados Nacionales
Catamarca,OBRERO,"2 - Sosa, Sonia Juana",Diputados Nacionales
Catamarca,OBRERO,"3 - Moreno, Maria Estela",Diputados Nacionales
Chaco,DEL OBRERO,"1 - Garcia, Aldo Gabriel",Senadores Nacionales
Chaco,DEL OBRERO,"1 - Esquivel, Jorge Alberto",Diputados Nacionales
Chaco,DEL OBRERO,"2 - Gauna, Gisela Carolina",Senadores Nacionales
Chaco,DEL OBRERO,"2 - Gomez, Rocio Griselda",Diputados Nacionales
Chaco,DEL OBRERO,"3 - Pereyra, Eduardo Eloy",Diputados Nacionales
Chaco,DEL OBRERO,"4 - Deniz, Oscar Humberto",Diputados Nacionales
Chaco,FRENTE PARA LA VICTORIA,"1 - Aguilar, Eduardo Alberto",Senadores Nacionales
Chaco,FRENTE PARA LA VICTORIA,"1 - Pedrini, Juan Manuel",Diputados Nacionales
Chaco,FRENTE PARA LA VICTORIA,"2 - Pilatti Vergara, Maria Ines P.E.",Senadores Nacionales
Chaco,FRENTE PARA LA VICTORIA,"2 - Mendoza, Sandra Marcela",Diputados Nacionales
Chaco,FRENTE PARA LA VICTORIA,"3 - Martinez Campos, Gustavo J.E.",Diputados Nacionales
Chaco,FRENTE PARA LA VICTORIA,"4 - Chomiak, Maria Luisa",Diputados Nacionales
Chaco,UNION POR CHACO,"1 - Rozas, Angel",Senadores Nacionales
Chaco,UNION POR CHACO,"1 - Tejedor, Miguel",Diputados Nacionales
Chaco,UNION POR CHACO,"2 - Gonzalez, Delia",Senadores Nacionales
Chaco,UNION POR CHACO,"2 - Terada, Alicia",Diputados Nacionales
Chaco,UNION POR CHACO,"3 - Veleff, Adrian",Diputados Nacionales
Chaco,UNION POR CHACO,"4 - Salgado, Marcelo",Diputados Nacionales
Chubut,COALICION CIVICA-AFIRMACION PARA UNA REPUBLICA IGUALITARIA -ARI,"1 - Reinoso, Carlos Omar",Diputados Nacionales
Chubut,COALICION CIVICA-AFIRMACION PARA UNA REPUBLICA IGUALITARIA -ARI,"2 - Bruni, Dora Rosa",Diputados Nacionales
Chubut,DE ACCION CHUBUTENSE,"1 - Das Neves, Mario",Diputados Nacionales
Chubut,DE ACCION CHUBUTENSE,"2 - Lagoria, Elia Nelly",Diputados Nacionales
Chubut,FRENTE PARA LA VICTORIA,"1 - Yahuar, Norberto Gustavo",Diputados Nacionales
Chubut,FRENTE PARA LA VICTORIA,"2 - Navarro, Viviana Elizabeth",Diputados Nacionales
Chubut,MOVIMIENTO POLO SOCIAL - LA TERCERA POSICION,"1 - Petersen, Osacar",Diputados Nacionales
Chubut,MOVIMIENTO POLO SOCIAL - LA TERCERA POSICION,"2 - Aguilar, Claudia",Diputados Nacionales
Chubut,MOVIMIENTO SOCIALISTA DE LOS TRABAJADORES,"1 - Muñoz, Susana Alicia",Diputados Nacionales
Chubut,MOVIMIENTO SOCIALISTA DE LOS TRABAJADORES,"2 - Antillanca, Cesar Rolando",Diputados Nacionales
Chubut,UNION CIVICA RADICAL,"1 - Conde, Eduardo Jose",Diputados Nacionales
Chubut,UNION CIVICA RADICAL,"2 - Conde, Marisa Fabiana",Diputados Nacionales
Ciudad de Buenos Aires,ALIANZA CAMINO POPULAR,"1 - Lozano, Claudio Raul",Senadores Nacionales
Ciudad de Buenos Aires,ALIANZA CAMINO POPULAR,"1 - Hagman, Itai",Diputados Nacionales
Ciudad de Buenos Aires,ALIANZA CAMINO POPULAR,"2 - Pok, Cynthia",Senadores Nacionales
Ciudad de Buenos Aires,ALIANZA CAMINO POPULAR,"2 - Parada, Liliana Beatriz",Diputados Nacionales
Ciudad de Buenos Aires,ALIANZA CAMINO POPULAR,"3 - Kordon, Diana Ruth",Diputados Nacionales
Ciudad de Buenos Aires,ALIANZA CAMINO POPULAR,"4 - Campeni, Gustavo Luis",Diputados Nacionales
Ciudad de Buenos Aires,ALIANZA CAMINO POPULAR,"5 - Flores, Jaquelina Andrea",Diputados Nacionales
Ciudad de Buenos Aires,ALIANZA CAMINO POPULAR,"6 - Brugo Marco, Nina Isabel",Diputados Nacionales
Ciudad de Buenos Aires,ALIANZA CAMINO POPULAR,"7 - Iommi, Martin Andres",Diputados Nacionales
Ciudad de Buenos Aires,ALIANZA CAMINO POPULAR,"8 - Chuffardi, Romina Florencia",Diputados Nacionales
Ciudad de Buenos Aires,ALIANZA CAMINO POPULAR,"9 - Rocha, Guillermo Juan",Diputados Nacionales
Ciudad de Buenos Aires,ALIANZA CAMINO POPULAR,"10 - March Rios, Nahuel",Diputados Nacionales
Ciudad de Buenos Aires,ALIANZA CAMINO POPULAR,"11 - Horovitz, Teresa",Diputados Nacionales
Ciudad de Buenos Aires,ALIANZA CAMINO POPULAR,"12 - Fernandez Peychaux, Santiago Nicolas",Diputados Nacionales
Ciudad de Buenos Aires,ALIANZA CAMINO POPULAR,"13 - Tocco Basualdo, Fernando Daniel",Diputados Nacionales
Ciudad de Buenos Aires,ALIANZA COMPROMISO FEDERAL,"1 - Gomez, Norma Susana",Diputados Nacionales
Ciudad de Buenos Aires,ALIANZA COMPROMISO FEDERAL,"2 - Lacour, Miguel Angel",Diputados Nacionales
Ciudad de Buenos Aires,ALIANZA COMPROMISO FEDERAL,"3 - Aquino, Celia Florinda",Diputados Nacionales
Ciudad de Buenos Aires,ALIANZA COMPROMISO FEDERAL,"3 - Prignano, Rafaella",Diputados Nacionales
Ciudad de Buenos Aires,ALIANZA COMPROMISO FEDERAL,"4 - Carrizo, Ezequiel Antonio",Diputados Nacionales
Ciudad de Buenos Aires,ALIANZA COMPROMISO FEDERAL,"5 - Calleri De Gennaro, Teresa Lucia",Diputados Nacionales
Ciudad de Buenos Aires,ALIANZA COMPROMISO FEDERAL,"6 - Arslanian, Marco Antonio",Diputados Nacionales
Ciudad de Buenos Aires,ALIANZA COMPROMISO FEDERAL,"7 - Diaz, Mirta Del Carmen",Diputados Nacionales
Ciudad de Buenos Aires,ALIANZA COMPROMISO FEDERAL,"8 - Aquino, Celia Florinda",Diputados Nacionales
Ciudad de Buenos Aires,ALIANZA COMPROMISO FEDERAL,"9 - Valloud, Ariel Hernan",Diputados Nacionales
Ciudad de Buenos Aires,ALIANZA COMPROMISO FEDERAL,"10 - Baez, Norma Beatriz",Diputados Nacionales
Ciudad de Buenos Aires,ALIANZA COMPROMISO FEDERAL,"11 - Zarate, Mario Enrique",Diputados Nacionales
Ciudad de Buenos Aires,ALIANZA COMPROMISO FEDERAL,"12 - Orrico, Jose Luis",Diputados Nacionales
Ciudad de Buenos Aires,ALIANZA COMPROMISO FEDERAL,"13 - Torres, Rosana Fernanda",Diputados Nacionales
Ciudad de Buenos Aires,ALIANZA FRENTE DE IZQUIERDA Y DE LOS TRABAJADORES,"1 - Dellecarbonara, Claudio",Senadores Nacionales
Ciudad de Buenos Aires,ALIANZA FRENTE DE IZQUIERDA Y DE LOS TRABAJADORES,"1 - Altamira, Jorge (Jose Wermus)",Diputados Nacionales
Ciudad de Buenos Aires,ALIANZA FRENTE DE IZQUIERDA Y DE LOS TRABAJADORES,"2 - Biasi, Vanina",Senadores Nacionales
Ciudad de Buenos Aires,ALIANZA FRENTE DE IZQUIERDA Y DE LOS TRABAJADORES,"2 - D´Atri, Andrea",Diputados Nacionales
Ciudad de Buenos Aires,ALIANZA FRENTE DE IZQUIERDA Y DE LOS TRABAJADORES,"3 - Castillo, Jose",Diputados Nacionales
Ciudad de Buenos Aires,ALIANZA FRENTE DE IZQUIERDA Y DE LOS TRABAJADORES,"4 - Solano, Gabriel",Diputados Nacionales
Ciudad de Buenos Aires,ALIANZA FRENTE DE IZQUIERDA Y DE LOS TRABAJADORES,"5 - Navarro Palacios, Alicia",Diputados Nacionales
Ciudad de Buenos Aires,ALIANZA FRENTE DE IZQUIERDA Y DE LOS TRABAJADORES,"6 - Martinez, Diego",Diputados Nacionales
Ciudad de Buenos Aires,ALIANZA FRENTE DE IZQUIERDA Y DE LOS TRABAJADORES,"7 - Gandara, Santiago",Diputados Nacionales
Ciudad de Buenos Aires,ALIANZA FRENTE DE IZQUIERDA Y DE LOS TRABAJADORES,"8 - Wainberg, Jennifer Laila",Diputados Nacionales
Ciudad de Buenos Aires,ALIANZA FRENTE DE IZQUIERDA Y DE LOS TRABAJADORES,"9 - Marrone, Laura",Diputados Nacionales
Ciudad de Buenos Aires,ALIANZA FRENTE DE IZQUIERDA Y DE LOS TRABAJADORES,"10 - Schofrin, Ruben",Diputados Nacionales
Ciudad de Buenos Aires,ALIANZA FRENTE DE IZQUIERDA Y DE LOS TRABAJADORES,"11 - Platkowski, Carlos",Diputados Nacionales
Ciudad de Buenos Aires,ALIANZA FRENTE DE IZQUIERDA Y DE LOS TRABAJADORES,"12 - Garcia, Juliana",Diputados Nacionales
Ciudad de Buenos Aires,ALIANZA FRENTE DE IZQUIERDA Y DE LOS TRABAJADORES,"13 - Eibuszyc, Pablo",Diputados Nacionales
Ciudad de Buenos Aires,ALIANZA UNEN,"1 - Solanas, Fernando Ezequiel",Senadores Nacionales
Ciudad de Buenos Aires,ALIANZA UNEN,"1 - Carrió, Elisa María Avelina",Diputados Nacionales
Ciudad de Buenos Aires,ALIANZA UNEN,"2 - Reyes, María Fernanda",Senadores Nacionales
Ciudad de Buenos Aires,ALIANZA UNEN,"2 - Lousteau, Martín",Diputados Nacionales
Ciudad de Buenos Aires,ALIANZA UNEN,"3 - Sanchez, Fernando",Diputados Nacionales
Ciudad de Buenos Aires,ALIANZA UNEN,"4 - Carrizo, Ana Carla",Diputados Nacionales
Ciudad de Buenos Aires,ALIANZA UNEN,"5 - Argumedo, Alcira Susana",Diputados Nacionales
Ciudad de Buenos Aires,ALIANZA UNEN,"6 - Raffo, Julio César Antonio",Diputados Nacionales
Ciudad de Buenos Aires,ALIANZA UNEN,"7 - Ramos, Adrián Horacio",Diputados Nacionales
Ciudad de Buenos Aires,ALIANZA UNEN,"8 - Gomez, Verónica María",Diputados Nacionales
Ciudad de Buenos Aires,ALIANZA UNEN,"9 - Gamez, Raúl Héctor",Diputados Nacionales
Ciudad de Buenos Aires,ALIANZA UNEN,"10 - Mazzitelli, Mario Francisco",Diputados Nacionales
Ciudad de Buenos Aires,ALIANZA UNEN,"11 - Bruk, Verónica Laura",Diputados Nacionales
Ciudad de Buenos Aires,ALIANZA UNEN,"12 - Maccione, Carolina Antonia",Diputados Nacionales
Ciudad de Buenos Aires,ALIANZA UNEN,"13 - Herrero, Félix",Diputados Nacionales
Ciudad de Buenos Aires,ALIANZA UNION PRO,"1 - Michetti, Marta Gabriela",Senadores Nacionales
Ciudad de Buenos Aires,ALIANZA UNION PRO,"1 - Bergman, Sergio",Diputados Nacionales
Ciudad de Buenos Aires,ALIANZA UNION PRO,"2 - Santilli, Diego Cesar",Senadores Nacionales
Ciudad de Buenos Aires,ALIANZA UNION PRO,"2 - Sturzenegger, Federico Adolfo",Diputados Nacionales
Ciudad de Buenos Aires,ALIANZA UNION PRO,"3 - Alonso, Laura",Diputados Nacionales
Ciudad de Buenos Aires,ALIANZA UNION PRO,"4 - Triaca, Alberto Jorge",Diputados Nacionales
Ciudad de Buenos Aires,ALIANZA UNION PRO,"5 - Majdalani, Silvia Cristina",Diputados Nacionales
Ciudad de Buenos Aires,ALIANZA UNION PRO,"6 - Gonzalez, Alvaro Gustavo",Diputados Nacionales
Ciudad de Buenos Aires,ALIANZA UNION PRO,"7 - Patiño, Jose Luis",Diputados Nacionales
Ciudad de Buenos Aires,ALIANZA UNION PRO,"8 - Saya, Lidia Noemi",Diputados Nacionales
Ciudad de Buenos Aires,ALIANZA UNION PRO,"9 - Conesa, Eduardo Raul",Diputados Nacionales
Ciudad de Buenos Aires,ALIANZA UNION PRO,"10 - Pompeo, Fulvio Valerio",Diputados Nacionales
Ciudad de Buenos Aires,ALIANZA UNION PRO,"11 - Besada, Alicia Irma",Diputados Nacionales
Ciudad de Buenos Aires,ALIANZA UNION PRO,"12 - Lopardo, Maria Paula",Diputados Nacionales
Ciudad de Buenos Aires,ALIANZA UNION PRO,"13 - Sorgente, Marcelo Adolfo",Diputados Nacionales
Ciudad de Buenos Aires,AUTODETERMINACION Y LIBERTAD,"1 - Sallustio, Sergio Adrian",Senadores Nacionales
Ciudad de Buenos Aires,AUTODETERMINACION Y LIBERTAD,"1 - Zamora, Luis Fernando",Diputados Nacionales
Ciudad de Buenos Aires,AUTODETERMINACION Y LIBERTAD,"2 - Paul, Cecilia Samanta",Senadores Nacionales
Ciudad de Buenos Aires,AUTODETERMINACION Y LIBERTAD,"2 - Martinez, Marta Jacqueline",Diputados Nacionales
Ciudad de Buenos Aires,AUTODETERMINACION Y LIBERTAD,"3 - Iacobacci, Mariano Nicolas",Diputados Nacionales
Ciudad de Buenos Aires,AUTODETERMINACION Y LIBERTAD,"4 - Parra, Adriano Andres",Diputados Nacionales
Ciudad de Buenos Aires,AUTODETERMINACION Y LIBERTAD,"5 - Magdalena, Maria Laura",Diputados Nacionales
Ciudad de Buenos Aires,AUTODETERMINACION Y LIBERTAD,"6 - Mantova, Adriano Paolo",Diputados Nacionales
Ciudad de Buenos Aires,AUTODETERMINACION Y LIBERTAD,"7 - Lucero, Daniel Alberto",Diputados Nacionales
Ciudad de Buenos Aires,AUTODETERMINACION Y LIBERTAD,"8 - Sorrentino, Mariana Cecilia",Diputados Nacionales
Ciudad de Buenos Aires,AUTODETERMINACION Y LIBERTAD,"9 - Selmo, Carlos",Diputados Nacionales
Ciudad de Buenos Aires,AUTODETERMINACION Y LIBERTAD,"10 - Passano, Susana Rosa",Diputados Nacionales
Ciudad de Buenos Aires,AUTODETERMINACION Y LIBERTAD,"11 - Benitez Escurra, Hugo Marcial",Diputados Nacionales
Ciudad de Buenos Aires,AUTODETERMINACION Y LIBERTAD,"12 - Benitez, Maria De La Paz",Diputados Nacionales
Ciudad de Buenos Aires,AUTODETERMINACION Y LIBERTAD,"13 - Bustos, Luis Daniel",Diputados Nacionales
Ciudad de Buenos Aires,FRENTE PARA LA VICTORIA,"1 - Filmus, Daniel Fernando",Senadores Nacionales
Ciudad de Buenos Aires,FRENTE PARA LA VICTORIA,"1 - Cabandié, Juan",Diputados Nacionales
Ciudad de Buenos Aires,FRENTE PARA LA VICTORIA,"2 - Español, Paula Irene",Senadores Nacionales
Ciudad de Buenos Aires,FRENTE PARA LA VICTORIA,"2 - Mazure, Liliana",Diputados Nacionales
Ciudad de Buenos Aires,FRENTE PARA LA VICTORIA,"3 - Heller, Carlos Salomón",Diputados Nacionales
Ciudad de Buenos Aires,FRENTE PARA LA VICTORIA,"4 - Forster, Ricardo",Diputados Nacionales
Ciudad de Buenos Aires,FRENTE PARA LA VICTORIA,"5 - Montenegro, Hilda Victoria",Diputados Nacionales
Ciudad de Buenos Aires,FRENTE PARA LA VICTORIA,"6 - Freyre, Alejandro Daniel",Diputados Nacionales
Ciudad de Buenos Aires,FRENTE PARA LA VICTORIA,"7 - O'dezaille, Juan Pablo",Diputados Nacionales
Ciudad de Buenos Aires,FRENTE PARA LA VICTORIA,"8 - Valenziano, Zunilda Rosa",Diputados Nacionales
Ciudad de Buenos Aires,FRENTE PARA LA VICTORIA,"9 - Amor, Angel Armando Alejandro",Diputados Nacionales
Ciudad de Buenos Aires,FRENTE PARA LA VICTORIA,"10 - Achile, Marcelo Rodolfo",Diputados Nacionales
Ciudad de Buenos Aires,FRENTE PARA LA VICTORIA,"11 - Lister, Carolina Ana",Diputados Nacionales
Ciudad de Buenos Aires,FRENTE PARA LA VICTORIA,"12 - Grasi Y Susini, Estanislao",Diputados Nacionales
Ciudad de Buenos Aires,FRENTE PARA LA VICTORIA,"13 - Aldana, Humberto Cristian",Diputados Nacionales
Córdoba,ALIANZA FRENTE DE IZQUIERDA Y DE LOS TRABAJADORES,"1 - Olivero, María Liliana",Diputados Nacionales
Córdoba,ALIANZA FRENTE DE IZQUIERDA Y DE LOS TRABAJADORES,"2 - Puddu, Ángel Hernán",Diputados Nacionales
Córdoba,ALIANZA FRENTE DE IZQUIERDA Y DE LOS TRABAJADORES,"3 - Salas, Eduardo Pedro",Diputados Nacionales
Córdoba,ALIANZA FRENTE DE IZQUIERDA Y DE LOS TRABAJADORES,"4 - Parola, María Patricia",Diputados Nacionales
Córdoba,ALIANZA FRENTE DE IZQUIERDA Y DE LOS TRABAJADORES,"5 - Celli, Leticia",Diputados Nacionales
Córdoba,ALIANZA FRENTE DE IZQUIERDA Y DE LOS TRABAJADORES,"6 - Navarro, Jorge Luis",Diputados Nacionales
Córdoba,ALIANZA FRENTE DE IZQUIERDA Y DE LOS TRABAJADORES,"7 - Peressini, Jorge Ezequiel",Diputados Nacionales
Córdoba,ALIANZA FRENTE DE IZQUIERDA Y DE LOS TRABAJADORES,"8 - Guazzaroni, Erica María",Diputados Nacionales
Córdoba,ALIANZA FRENTE DE IZQUIERDA Y DE LOS TRABAJADORES,"9 - Frencia, Cintia Mariel",Diputados Nacionales
Córdoba,ALIANZA FRENTE PROGRESISTA CIVICO Y SOCIAL,"1 - Martinez Carignano, Ernesto Félix",Diputados Nacionales
Córdoba,ALIANZA FRENTE PROGRESISTA CIVICO Y SOCIAL,"2 - Yawny, Viviana Andrea",Diputados Nacionales
Córdoba,ALIANZA FRENTE PROGRESISTA CIVICO Y SOCIAL,"3 - Gispert, Walter Oscar",Diputados Nacionales
Córdoba,ALIANZA FRENTE PROGRESISTA CIVICO Y SOCIAL,"4 - Cabrera Fasolis, Betiana Georgina",Diputados Nacionales
Córdoba,ALIANZA FRENTE PROGRESISTA CIVICO Y SOCIAL,"5 - Machado, Carlos Fernando",Diputados Nacionales
Córdoba,ALIANZA FRENTE PROGRESISTA CIVICO Y SOCIAL,"6 - Echevarria, Luciana Gabriela",Diputados Nacionales
Córdoba,ALIANZA FRENTE PROGRESISTA CIVICO Y SOCIAL,"7 - Giuliani, Juan Carlos",Diputados Nacionales
Córdoba,ALIANZA FRENTE PROGRESISTA CIVICO Y SOCIAL,"8 - Soardo, Leonor Jorgelina",Diputados Nacionales
Córdoba,ALIANZA FRENTE PROGRESISTA CIVICO Y SOCIAL,"9 - Dabbene, José María",Diputados Nacionales
Córdoba,ALIANZA UNIÓN POR CÓRDOBA,"1 - Schiaretti, Juan",Diputados Nacionales
Córdoba,ALIANZA UNIÓN POR CÓRDOBA,"2 - Rossi, Blanca Araceli",Diputados Nacionales
Córdoba,ALIANZA UNIÓN POR CÓRDOBA,"3 - Caserio, Carlos Alberto",Diputados Nacionales
Córdoba,ALIANZA UNIÓN POR CÓRDOBA,"4 - Llaryora, Martín Miguel",Diputados Nacionales
Córdoba,ALIANZA UNIÓN POR CÓRDOBA,"5 - Brezzo, María Eugenia",Diputados Nacionales
Córdoba,ALIANZA UNIÓN POR CÓRDOBA,"7 - Bruno, Edgar David",Diputados Nacionales
Córdoba,ALIANZA UNIÓN POR CÓRDOBA,"8 - Viola, María José",Diputados Nacionales
Córdoba,ALIANZA UNIÓN POR CÓRDOBA,"9 - Pascual, Marcelo Rafael",Diputados Nacionales
Córdoba,ALIANZA UNIÓN PRO,"1 - Baldassi, Héctor Walter",Diputados Nacionales
Córdoba,ALIANZA UNIÓN PRO,"2 - Rodríguez Machado, Laura Elena",Diputados Nacionales
Córdoba,ALIANZA UNIÓN PRO,"3 - Roulet, Néstor Eduardo",Diputados Nacionales
Córdoba,ALIANZA UNIÓN PRO,"4 - Pazo, Jorge Daniel",Diputados Nacionales
Córdoba,ALIANZA UNIÓN PRO,"5 - Monassa, Marcela Raquel",Diputados Nacionales
Córdoba,ALIANZA UNIÓN PRO,"6 - Capitani, Darío Gustavo",Diputados Nacionales
Córdoba,ALIANZA UNIÓN PRO,"7 - Dellarossa, Pedro Gustavo",Diputados Nacionales
Córdoba,ALIANZA UNIÓN PRO,"8 - Zambrano, Valeria Fernanda",Diputados Nacionales
Córdoba,ALIANZA UNIÓN PRO,"9 - Campra, Guillermo",Diputados Nacionales
Córdoba,COALICIÓN CÍVICA - ARI,"1 - Cucui, Roberto Juan",Diputados Nacionales
Córdoba,COALICIÓN CÍVICA - ARI,"2 - Arrieta, Vilma Guadalupe",Diputados Nacionales
Córdoba,COALICIÓN CÍVICA - ARI,"3 - Vocos, José Ignacio",Diputados Nacionales
Córdoba,COALICIÓN CÍVICA - ARI,"4 - Martínez Villada, Leonor María",Diputados Nacionales
Córdoba,COALICIÓN CÍVICA - ARI,"5 - Fernández, Eduardo Manuel",Diputados Nacionales
Córdoba,COALICIÓN CÍVICA - ARI,"6 - Martínez, María Isabel",Diputados Nacionales
Córdoba,COALICIÓN CÍVICA - ARI,"7 - Cepeda, Walter Alejandro",Diputados Nacionales
Córdoba,COALICIÓN CÍVICA - ARI,"8 - Pineda, Mirta Noemí",Diputados Nacionales
Córdoba,COALICIÓN CÍVICA - ARI,"9 - Villagran, Miguel Ángel",Diputados Nacionales
Córdoba,ENCUENTRO VECINAL CÓRDOBA,"1 - Marcone, María Rosa",Diputados Nacionales
Córdoba,ENCUENTRO VECINAL CÓRDOBA,"2 - Audero, Lorenzo Néstor",Diputados Nacionales
Córdoba,ENCUENTRO VECINAL CÓRDOBA,"3 - Scala, Jorge Rafael",Diputados Nacionales
Córdoba,ENCUENTRO VECINAL CÓRDOBA,"4 - Breda, Elva Catalina",Diputados Nacionales
Córdoba,ENCUENTRO VECINAL CÓRDOBA,"5 - Carballo, Pablo Marcos Rafael",Diputados Nacionales
Córdoba,ENCUENTRO VECINAL CÓRDOBA,"6 - Rossi, Antonio Adolfo",Diputados Nacionales
Córdoba,ENCUENTRO VECINAL CÓRDOBA,"7 - Rigalt, María Cecilia",Diputados Nacionales
Córdoba,ENCUENTRO VECINAL CÓRDOBA,"8 - Rodriguez, Lorenzo",Diputados Nacionales
Córdoba,ENCUENTRO VECINAL CÓRDOBA,"9 - Sánchez, Ezequiel Gonzalo",Diputados Nacionales
Córdoba,FRENTE PARA LA VICTORIA,"1 - Scotto, Silvia Carolina",Diputados Nacionales
Córdoba,FRENTE PARA LA VICTORIA,"2 - Gill, Martín Rodrigo",Diputados Nacionales
Córdoba,FRENTE PARA LA VICTORIA,"3 - Bernabey, Ramón Ernesto",Diputados Nacionales
Córdoba,FRENTE PARA LA VICTORIA,"4 - Estevez, Gabriela Beatriz",Diputados Nacionales
Córdoba,FRENTE PARA LA VICTORIA,"5 - Pereyra, Juan Manuel Enrique",Diputados Nacionales
Córdoba,FRENTE PARA LA VICTORIA,"6 - Guzmán, Andrés Ernesto",Diputados Nacionales
Córdoba,FRENTE PARA LA VICTORIA,"7 - Dal Bo, Sandra Leda",Diputados Nacionales
Córdoba,FRENTE PARA LA VICTORIA,"8 - Ernández, Gabriel Germán",Diputados Nacionales
Córdoba,FRENTE PARA LA VICTORIA,"9 - Amante, Marcos Patricio Moisés",Diputados Nacionales
Córdoba,UNIÓN CÍVICA RADICAL,"1 - Aguad, Oscar Raúl",Diputados Nacionales
Córdoba,UNIÓN CÍVICA RADICAL,"2 - Carrizo, María Soledad",Diputados Nacionales
Córdoba,UNIÓN CÍVICA RADICAL,"3 - Mestre, Diego Matías",Diputados Nacionales
Córdoba,UNIÓN CÍVICA RADICAL,"4 - Bellocq, Gerardo Alberto",Diputados Nacionales
Córdoba,UNIÓN CÍVICA RADICAL,"5 - Austin, Brenda Lis",Diputados Nacionales
Córdoba,UNIÓN CÍVICA RADICAL,"6 - Giraudo, Marco Antonio",Diputados Nacionales
Córdoba,UNIÓN CÍVICA RADICAL,"7 - Oviedo, Daniel Fernando",Diputados Nacionales
Córdoba,UNIÓN CÍVICA RADICAL,"8 - Cagnotti, Silvia Margot",Diputados Nacionales
Córdoba,UNIÓN CÍVICA RADICAL,"9 - Rujinsky, Juan Pablo",Diputados Nacionales
Córdoba,VECINALISMO INDEPENDIENTE,"1 - Riutort, Olga Elena",Diputados Nacionales
Córdoba,VECINALISMO INDEPENDIENTE,"2 - Delbono, Daniel Nicolás",Diputados Nacionales
Córdoba,VECINALISMO INDEPENDIENTE,"3 - Arias, Marisa Inés",Diputados Nacionales
Córdoba,VECINALISMO INDEPENDIENTE,"4 - Murua, Pablo Ariel Honorato",Diputados Nacionales
Córdoba,VECINALISMO INDEPENDIENTE,"5 - Mangoldt, Leonardo Gonzalo",Diputados Nacionales
Córdoba,VECINALISMO INDEPENDIENTE,"6 - Galaico, Vilma Edith",Diputados Nacionales
Córdoba,VECINALISMO INDEPENDIENTE,"7 - Padilla, Roberto Matías",Diputados Nacionales
Córdoba,VECINALISMO INDEPENDIENTE,"8 - Pereyra, Mauricio Matías",Diputados Nacionales
Córdoba,VECINALISMO INDEPENDIENTE,"9 - Barreda, María Soledad",Diputados Nacionales
Corrientes,ALIANZA CAMBIO POPULAR,"1 - Artaza, Eugenio Justiniano",Diputados Nacionales
Corrientes,ALIANZA CAMBIO POPULAR,"2 - Steed, Roxana Alejandra",Diputados Nacionales
Corrientes,ALIANZA CAMBIO POPULAR,"3 - Chaparro, Edgar Esteban",Diputados Nacionales
Corrientes,ALIANZA CORRENTINA PANU-PA,"1 - Gutnisky, Leon Horacio",Diputados Nacionales
Corrientes,ALIANZA CORRENTINA PANU-PA,"2 - Vargas, Lucia Concepcion",Diputados Nacionales
Corrientes,ALIANZA CORRENTINA PANU-PA,"3 - Azuaga, Amelia Josefa",Diputados Nacionales
Corrientes,ENCUENTRO POR CORRIENTES,"1 - Valdes, Gustavo Adolfo",Diputados Nacionales
Corrientes,ENCUENTRO POR CORRIENTES,"2 - Semhan, María de Las Mercedes",Diputados Nacionales
Corrientes,ENCUENTRO POR CORRIENTES,"3 - Lanari Zubiaur, Emilio Alberto",Diputados Nacionales
Corrientes,FRENTE PARA LA VICTORIA,"1 - Rubin, Carlos Gustavo",Diputados Nacionales
Corrientes,FRENTE PARA LA VICTORIA,"2 - Chieno, Maria Elena Petrona",Diputados Nacionales
Corrientes,FRENTE PARA LA VICTORIA,"3 - Meixner, Jose Ernesto",Diputados Nacionales
Entre Ríos,ALIANZA FRENTE AMPLIO PROGRESISTA,"1 - Schvartzman, Americo",Diputados Nacionales
Entre Ríos,ALIANZA FRENTE AMPLIO PROGRESISTA,"1 - Viale, Lisandro",Senadores Nacionales
Entre Ríos,ALIANZA FRENTE AMPLIO PROGRESISTA,"2 - Quirolo, Clara Delicia",Diputados Nacionales
Entre Ríos,ALIANZA FRENTE AMPLIO PROGRESISTA,"2 - Castillo, Stella Maris",Senadores Nacionales
Entre Ríos,ALIANZA FRENTE AMPLIO PROGRESISTA,"3 - Decastelli, Maria Josefina Del Carmen",Diputados Nacionales
Entre Ríos,ALIANZA FRENTE AMPLIO PROGRESISTA,"4 - Simon, Marina",Diputados Nacionales
Entre Ríos,ALIANZA FRENTE AMPLIO PROGRESISTA,"5 - Lopez, Nestor Fabian",Diputados Nacionales
Entre Ríos,ALIANZA FRENTE PARA LA VICTORIA,"1 - Guastavino, Pedro Gullermo Angel",Senadores Nacionales
Entre Ríos,ALIANZA FRENTE PARA LA VICTORIA,"1 - Lauritto, Jose Eduardo",Diputados Nacionales
Entre Ríos,ALIANZA FRENTE PARA LA VICTORIA,"2 - Kunath, Sigrid Elisabeth",Senadores Nacionales
Entre Ríos,ALIANZA FRENTE PARA LA VICTORIA,"2 - Gaillard, Ana Carolina",Diputados Nacionales
Entre Ríos,ALIANZA FRENTE PARA LA VICTORIA,"3 - Barreto, Jorge Ruben",Diputados Nacionales
Entre Ríos,ALIANZA FRENTE PARA LA VICTORIA,"4 - Domingez, Maria Fabiana",Diputados Nacionales
Entre Ríos,ALIANZA FRENTE PARA LA VICTORIA,"5 - Gervasoni, Lautaro",Diputados Nacionales
Entre Ríos,ALIANZA UNION POR ENTRE RIOS,"1 - De Angeli, Alfredo Luis",Senadores Nacionales
Entre Ríos,ALIANZA UNION POR ENTRE RIOS,"1 - Cremer De Busti, Maria Cristina",Diputados Nacionales
Entre Ríos,ALIANZA UNION POR ENTRE RIOS,"2 - Sciberras, Maria Teresa (Marithe)",Senadores Nacionales
Entre Ríos,ALIANZA UNION POR ENTRE RIOS,"2 - Leissa, Luis Ernesto",Diputados Nacionales
Entre Ríos,ALIANZA UNION POR ENTRE RIOS,"3 - Ruiz Orrico, Juan Enrique",Senadores Nacionales
Entre Ríos,ALIANZA UNION POR ENTRE RIOS,"3 - Etienot De Papini, Josefina Beatriz",Diputados Nacionales
Entre Ríos,ALIANZA UNION POR ENTRE RIOS,"4 - Alizegui, Martin Antonio Facundo",Diputados Nacionales
Entre Ríos,ALIANZA UNION POR ENTRE RIOS,"5 - Lopez Segura, Eduardo Horacio",Diputados Nacionales
Entre Ríos,NUEVA IZQUIERDA,"1 - Geist, Gabriel Alfredo",Senadores Nacionales
Entre Ríos,NUEVA IZQUIERDA,"1 - Meiners, Luis Guillermo",Diputados Nacionales
Entre Ríos,NUEVA IZQUIERDA,"2 - Mathern, Gloria Estela Maria",Senadores Nacionales
Entre Ríos,NUEVA IZQUIERDA,"2 - Zuviria, Veronica Gabriela",Diputados Nacionales
Entre Ríos,NUEVA IZQUIERDA,"3 - Romero, Victor Dionisio",Senadores Nacionales
Entre Ríos,NUEVA IZQUIERDA,"3 - Fernandez, Eduardo Pascual",Diputados Nacionales
Entre Ríos,NUEVA IZQUIERDA,"4 - Alvarenga, Silvia Cristina",Diputados Nacionales
Entre Ríos,NUEVA IZQUIERDA,"5 - Juarez, Rafael Antonio",Diputados Nacionales
Entre Ríos,UNION CIVICA RADICAL,"1 - Benedetti, Atilio Francisco Salvador",Senadores Nacionales
Entre Ríos,UNION CIVICA RADICAL,"1 - D´Agostino, Jorge Marcelo",Diputados Nacionales
Entre Ríos,UNION CIVICA RADICAL,"2 - Lena, Gabriela Mabel",Senadores Nacionales
Entre Ríos,UNION CIVICA RADICAL,"2 - Re, Hilma Leonor",Diputados Nacionales
Entre Ríos,UNION CIVICA RADICAL,"3 - Olalla, Stella Maris Elisa",Diputados Nacionales
Entre Ríos,UNION CIVICA RADICAL,"4 - Palazzotti, Nicolas Ezequiel",Diputados Nacionales
Entre Ríos,UNION CIVICA RADICAL,"5 - Romero, Maria Elena",Diputados Nacionales
Formosa,DEL OBRERO,"1 - Servin, Carlos Fabian",Diputados Nacionales
Formosa,DEL OBRERO,"2 - Coronel, Natalia Soledad",Diputados Nacionales
Formosa,FRENTE AMPLIO FORMOSEÑO,"1 - Buryaile, Ricardo",Diputados Nacionales
Formosa,FRENTE AMPLIO FORMOSEÑO,"2 - Dure, Lucila Beatriz",Diputados Nacionales
Formosa,FRENTE PARA LA VICTORIA,"1 - Diaz Roig, Juan Carlos ""Juancho""",Diputados Nacionales
Formosa,FRENTE PARA LA VICTORIA,"2 - Heinzenreder, Analia Aidee",Diputados Nacionales
Jujuy,"FRENTE DE IZQUIERDA Y DE LOS TRABAJADORES, LISTA:","1 - Vilca, Alejandro Ariel",Diputados Nacionales
Jujuy,"FRENTE DE IZQUIERDA Y DE LOS TRABAJADORES, LISTA:","2 - Mendez Torrez, Victoria",Diputados Nacionales
Jujuy,"FRENTE DE IZQUIERDA Y DE LOS TRABAJADORES, LISTA:","3 - Egues, Silvio Norberto",Diputados Nacionales
Jujuy,"FRENTE JUJEÑO, LISTA:","1 - Fiad, Mario Raymundo",Diputados Nacionales
Jujuy,"FRENTE JUJEÑO, LISTA:","2 - Burgos, Maria Gabriela",Diputados Nacionales
Jujuy,"FRENTE JUJEÑO, LISTA:","3 - Such, Gustavo Antonio",Diputados Nacionales
Jujuy,"FRENTE PARA LA VICTORIA, LISTA:","1 - Tentor, Hector Olindo",Diputados Nacionales
Jujuy,"FRENTE PARA LA VICTORIA, LISTA:","2 - Sadir, Silvina Cristina",Diputados Nacionales
Jujuy,"FRENTE PARA LA VICTORIA, LISTA:","3 - Cardozo Traillou, Juan Miguel",Diputados Nacionales
Jujuy,"FRENTE PRIMERO JUJUY, LISTA:","1 - Calsina, Elba Cecilia Isolda",Diputados Nacionales
Jujuy,"FRENTE PRIMERO JUJUY, LISTA:","2 - Snopek, Alejandro Francisco",Diputados Nacionales
Jujuy,"FRENTE PRIMERO JUJUY, LISTA:","3 - Guzman, Ricardo Guillermo",Diputados Nacionales
Jujuy,"FRENTE UNION PRO , LISTA:","1 - Pubzolu, Dago Alberto Justo",Diputados Nacionales
Jujuy,"FRENTE UNION PRO , LISTA:","2 - Arce, Maria De Los Angeles",Diputados Nacionales
Jujuy,"FRENTE UNION PRO , LISTA:","3 - Martinez Brajer, Maria Lorena",Diputados Nacionales
Jujuy,"NUEVA IZQUIERDA, LISTA:","1 - Rivero, Betina Amelia",Diputados Nacionales
Jujuy,"NUEVA IZQUIERDA, LISTA:","2 - Sanchez, Abel Rene",Diputados Nacionales
Jujuy,"NUEVA IZQUIERDA, LISTA:","3 - Ortega, Martha",Diputados Nacionales
Jujuy,"POR UN PUEBLO UNIDO, LISTA:","1 - Santillan, Luciana",Diputados Nacionales
Jujuy,"POR UN PUEBLO UNIDO, LISTA:","2 - Arroyo, Gabriela Adriana",Diputados Nacionales
Jujuy,"POR UN PUEBLO UNIDO, LISTA:","3 - Balcarce, Rafael Edmundo",Diputados Nacionales
La Pampa,DE LOS TRABAJADORES SOCIALISTAS,"1 - Lupardo, Claudia Eugenia",Diputados Nacionales
La Pampa,DE LOS TRABAJADORES SOCIALISTAS,"2 - Filippa, Victor Esteban",Diputados Nacionales
La Pampa,DE LOS TRABAJADORES SOCIALISTAS,"3 - Pumilla, Juan Salvador",Diputados Nacionales
La Pampa,FRENTE PAMPEANO CIVICO Y SOCIAL,"1 - Torroba, Francisco",Diputados Nacionales
La Pampa,FRENTE PAMPEANO CIVICO Y SOCIAL,"2 - Testa, Patricia",Diputados Nacionales
La Pampa,FRENTE PAMPEANO CIVICO Y SOCIAL,"3 - Berhongaray, Martin Antonio",Diputados Nacionales
La Pampa,FRENTE PROPUESTA FEDERAL,"1 - Mac Allister, Carlos Javier",Diputados Nacionales
La Pampa,FRENTE PROPUESTA FEDERAL,"2 - Leher, Adriana Beatriz",Diputados Nacionales
La Pampa,FRENTE PROPUESTA FEDERAL,"3 - Maquieyra, Martin",Diputados Nacionales
La Pampa,HUMANISTA,"1 - Costabel, Roberto Federico",Diputados Nacionales
La Pampa,HUMANISTA,"2 - Maggio, Daniela Lis",Diputados Nacionales
La Pampa,HUMANISTA,"3 - Andrada, Alejandro Ruben",Diputados Nacionales
La Pampa,JUSTICIALISTA,"1 - Fernandez Mendia, Gustavo Rodolfo",Diputados Nacionales
La Pampa,JUSTICIALISTA,"2 - Leduc, Veronica Andrea",Diputados Nacionales
La Pampa,JUSTICIALISTA,"3 - Marin, Espartaco",Diputados Nacionales
La Pampa,PUEBLO NUEVO,"1 - Hernandez, Dario Omar",Diputados Nacionales
La Pampa,PUEBLO NUEVO,"2 - Giraldez, Marisa Tamara",Diputados Nacionales
La Pampa,PUEBLO NUEVO,"3 - Siage, Diego Mauricio",Diputados Nacionales
La Rioja,COMPROMISO FEDERAL,"1 - Santader, Carlos Alberto",Diputados Nacionales
La Rioja,COMPROMISO FEDERAL,"2 - Rippa, Liliana",Diputados Nacionales
La Rioja,FRENTE NUEVO PACTO FE-DERAL,"1 - Yoma, Jorge Raul",Diputados Nacionales
La Rioja,FRENTE NUEVO PACTO FE-DERAL,"2 - Diaz Bazan, Judit Marisa",Diputados Nacionales
La Rioja,FRENTE PARA LA VICTORIA,"1 - Madera, Teresita Leonor",Diputados Nacionales
La Rioja,FRENTE PARA LA VICTORIA,"2 - Alvarez, Diego Felipe",Diputados Nacionales
La Rioja,FUERZA CIVICA RIOJANA,"1 - Martinez, Julio Cesar",Diputados Nacionales
La Rioja,FUERZA CIVICA RIOJANA,"2 - Vega, Maria Clara Del Valle",Diputados Nacionales
La Rioja,IZQUIERDA POR UNA OPCION SOCIALISTA,"1 - Pavon, Horacio",Diputados Nacionales
La Rioja,IZQUIERDA POR UNA OPCION SOCIALISTA,"2 - Goyochea, Ana Carolina Del Carmen",Diputados Nacionales
Mendoza,COMPROMISO FEDERAL,"1 - Cassia, Eduardo Daniel",Diputados Nacionales
Mendoza,COMPROMISO FEDERAL,"2 - Amaya Blasco, Rosa Aurora",Diputados Nacionales
Mendoza,COMPROMISO FEDERAL,"3 - Rasjido, Jose Joaquin",Diputados Nacionales
Mendoza,COMPROMISO FEDERAL,"4 - Rumbo, Martin Enrique",Diputados Nacionales
Mendoza,COMPROMISO FEDERAL,"5 - Fernandez, Elsa Beatriz",Diputados Nacionales
Mendoza,FEDERAL,"1 - Iglesias Gil, Roberto Raul",Diputados Nacionales
Mendoza,FEDERAL,"2 - Juri Flores, Mariana",Diputados Nacionales
Mendoza,FEDERAL,"3 - Fayad Kugener, Victor Manuel Federico",Diputados Nacionales
Mendoza,FEDERAL,"4 - Weintraub Barg, Alejandra Claudia",Diputados Nacionales
Mendoza,FEDERAL,"5 - Innocente, Adolgo Fausto",Diputados Nacionales
Mendoza,FRENTE AMPLIO PROGRESISTA - COALICION CIVICA ARI,"1 - Montbrun, Alberto Salomon",Diputados Nacionales
Mendoza,FRENTE AMPLIO PROGRESISTA - COALICION CIVICA ARI,"2 - Santarelli, Alicia Fanny",Diputados Nacionales
Mendoza,FRENTE AMPLIO PROGRESISTA - COALICION CIVICA ARI,"3 - Gutierrez, Gustavo Eduardo",Diputados Nacionales
Mendoza,FRENTE AMPLIO PROGRESISTA - COALICION CIVICA ARI,"4 - Guereño, Patricia Del Carmen",Diputados Nacionales
Mendoza,FRENTE AMPLIO PROGRESISTA - COALICION CIVICA ARI,"5 - Dicalbo, Rita Patricia",Diputados Nacionales
Mendoza,FRENTE DE IZQUIERDA Y DE LOS TRABAJADORES,"1 - Del Caño, Nicolas",Diputados Nacionales
Mendoza,FRENTE DE IZQUIERDA Y DE LOS TRABAJADORES,"2 - Sosa Capurro, Victoria Soledad",Diputados Nacionales
Mendoza,FRENTE DE IZQUIERDA Y DE LOS TRABAJADORES,"3 - Escobar, Alejandro Manuel",Diputados Nacionales
Mendoza,FRENTE DE IZQUIERDA Y DE LOS TRABAJADORES,"4 - Chapochnikoff, Alberto",Diputados Nacionales
Mendoza,FRENTE DE IZQUIERDA Y DE LOS TRABAJADORES,"5 - Defilippi, Carolina Virginia",Diputados Nacionales
Mendoza,FRENTE PARA LA VICTORIA,"1 - Abraham, Alejandro",Diputados Nacionales
Mendoza,FRENTE PARA LA VICTORIA,"2 - Chafi, Felix Omar",Diputados Nacionales
Mendoza,FRENTE PARA LA VICTORIA,"3 - Musatto, Tatiana Carola",Diputados Nacionales
Mendoza,FRENTE PARA LA VICTORIA,"4 - Ejarque, German Miguel",Diputados Nacionales
Mendoza,FRENTE PARA LA VICTORIA,"5 - Ronda, Romina Laura",Diputados Nacionales
Mendoza,UNION CIVICA RADICAL,"1 - Cobos, Julio Cesar Cleto",Diputados Nacionales
Mendoza,UNION CIVICA RADICAL,"2 - Gimenez, Patricia Viviana",Diputados Nacionales
Mendoza,UNION CIVICA RADICAL,"3 - Petri, Luis Alfonso",Diputados Nacionales
Mendoza,UNION CIVICA RADICAL,"4 - Cousinet, Graciela",Diputados Nacionales
Mendoza,UNION CIVICA RADICAL,"5 - Laferte Sanabria, Jesica Concepcion",Diputados Nacionales
Mendoza,UNION PD-PRO,"1 - Rosales, Luis Alberto",Diputados Nacionales
Mendoza,UNION PD-PRO,"2 - Di Filipo, Nora",Diputados Nacionales
Mendoza,UNION PD-PRO,"3 - Aguinaga, Carlos Alfredo",Diputados Nacionales
Mendoza,UNION PD-PRO,"4 - Daract, Maria Victoria",Diputados Nacionales
Mendoza,UNION PD-PRO,"5 - Difonso Puchol, Eduardo Omar",Diputados Nacionales
Misiones,FRENTE PARA LA VICTORIA,"1 - Rios, Juan Carlos",Diputados Nacionales
Misiones,FRENTE PARA LA VICTORIA,"2 - Lopez Forastier, Carolina",Diputados Nacionales
Misiones,FRENTE PARA LA VICTORIA,"3 - Di Stefano, Daniel",Diputados Nacionales
Misiones,FRENTE RENOVADOR DE LA CONCORDIA,"1 - Ziegler , Alex Roberto",Diputados Nacionales
Misiones,FRENTE RENOVADOR DE LA CONCORDIA,"2 - Risko, Silvia Lucrecia",Diputados Nacionales
Misiones,FRENTE RENOVADOR DE LA CONCORDIA,"3 - Sevi, Isaac Humberto",Diputados Nacionales
Misiones,FRENTE UNIDOS,"1 - Puerta, Federico Ramon",Diputados Nacionales
Misiones,FRENTE UNIDOS,"2 - Krogulec, Paola",Diputados Nacionales
Misiones,FRENTE UNIDOS,"3 - Schiavoni, Humberto Luis Arturo",Diputados Nacionales
Misiones,PARTIDO SOCIALISTA,"1 - Fernandez Flores, Norma Edith",Diputados Nacionales
Misiones,PARTIDO SOCIALISTA,"2 - Auzmendi, Elba Noemi",Diputados Nacionales
Misiones,PARTIDO SOCIALISTA,"3 - Ferreyra, Mariana Yanina",Diputados Nacionales
Misiones,UNION CIVICA RADICAL,"1 - Pastori, Luis Mario",Diputados Nacionales
Misiones,UNION CIVICA RADICAL,"2 - Husulak, Antonia Irene",Diputados Nacionales
Misiones,UNION CIVICA RADICAL,"3 - Meili, Ricardo Omar",Diputados Nacionales
Neuquén,COMPROMISO CIVICO NEUQUINO,"1 - Inaudi, Marcelo",Senadores Nacionales
Neuquén,COMPROMISO CIVICO NEUQUINO,"1 - Etcheverry, Ruben",Diputados Nacionales
Neuquén,COMPROMISO CIVICO NEUQUINO,"2 - Rambeaud, Carolina",Senadores Nacionales
Neuquén,COMPROMISO CIVICO NEUQUINO,"2 - Lopez, Victoria",Diputados Nacionales
Neuquén,COMPROMISO CIVICO NEUQUINO,"3 - Yague, Linda",Diputados Nacionales
Neuquén,FRENTE DE IZQUIERDA Y DE LOS TRABAJADORES,"1 - Jure, Patricia",Senadores Nacionales
Neuquén,FRENTE DE IZQUIERDA Y DE LOS TRABAJADORES,"1 - Blanco, Andres ""Chaplin""",Diputados Nacionales
Neuquén,FRENTE DE IZQUIERDA Y DE LOS TRABAJADORES,"2 - Hormazabal, Natalia",Senadores Nacionales
Neuquén,FRENTE DE IZQUIERDA Y DE LOS TRABAJADORES,"2 - Aibar, Maria Del Valle",Diputados Nacionales
Neuquén,FRENTE DE IZQUIERDA Y DE LOS TRABAJADORES,"3 - Sanchez, Manuel",Diputados Nacionales
Neuquén,FRENTE PARA LA VICTORIA,"1 - Fuentes, Marcelo Jorge",Senadores Nacionales
Neuquén,FRENTE PARA LA VICTORIA,"1 - Parrilli, Nanci Maria Agustina",Diputados Nacionales
Neuquén,FRENTE PARA LA VICTORIA,"2 - Rioseco, Teresa",Senadores Nacionales
Neuquén,FRENTE PARA LA VICTORIA,"2 - Martinez, Norman Dario",Diputados Nacionales
Neuquén,FRENTE PARA LA VICTORIA,"3 - Reyes, Gabriel Victoriano",Diputados Nacionales
Neuquén,FRENTE PROGRESISTA SUR,"1 - Otton Araneda, Priscila Esther",Senadores Nacionales
Neuquén,FRENTE PROGRESISTA SUR,"1 - Barragan, Maria Alejandra",Diputados Nacionales
Neuquén,FRENTE PROGRESISTA SUR,"2 - Bello, Jose Adolfo",Senadores Nacionales
Neuquén,FRENTE PROGRESISTA SUR,"2 - Tiscornia, Luis Manuel",Diputados Nacionales
Neuquén,FRENTE PROGRESISTA SUR,"3 - Escobar, Marcela Beatriz",Diputados Nacionales
Neuquén,MOVIMIENTO LIBRES DEL SUR,"1 - Benitez, Eduardo",Senadores Nacionales
Neuquén,MOVIMIENTO LIBRES DEL SUR,"1 - Sanchez, Paula",Diputados Nacionales
Neuquén,MOVIMIENTO LIBRES DEL SUR,"2 - Amstein, Varleria",Senadores Nacionales
Neuquén,MOVIMIENTO LIBRES DEL SUR,"2 - Vidal, Alejandro",Diputados Nacionales
Neuquén,MOVIMIENTO LIBRES DEL SUR,"3 - Tortora, Daniel",Diputados Nacionales
Neuquén,MOVIMIENTO POPULAR NEUQUINO,"1 - Pereyra, Guillermo Juan",Senadores Nacionales
Neuquén,MOVIMIENTO POPULAR NEUQUINO,"1 - Villar Molina, Maria Ines",Diputados Nacionales
Neuquén,MOVIMIENTO POPULAR NEUQUINO,"2 - Crexel, Carmen Lucila",Senadores Nacionales
Neuquén,MOVIMIENTO POPULAR NEUQUINO,"2 - San Martin, Adrian",Diputados Nacionales
Neuquén,MOVIMIENTO POPULAR NEUQUINO,"3 - Sapag Aucar, Emiliano Luis",Diputados Nacionales
Neuquén,UNION DE LOS NEUQUINOS,"1 - Rosso, Andrea Silvana",Senadores Nacionales
Neuquén,UNION DE LOS NEUQUINOS,"1 - Baggio, Francisco ""Pancho""",Diputados Nacionales
Neuquén,UNION DE LOS NEUQUINOS,"2 - Peralta, Angel Miguel",Senadores Nacionales
Neuquén,UNION DE LOS NEUQUINOS,"2 - Andrian, Silvia Susana",Diputados Nacionales
Neuquén,UNION DE LOS NEUQUINOS,"3 - Hernandez, Daniel ""Manguerita""",Diputados Nacionales
Neuquén,UNION POPULAR,"1 - Romero, Gabriel Luis ""Tom""",Senadores Nacionales
Neuquén,UNION POPULAR,"1 - Bourdieu, Graciela Beatriz",Diputados Nacionales
Neuquén,UNION POPULAR,"2 - Esquivel Caliva, Fernanda Gabriela",Senadores Nacionales
Neuquén,UNION POPULAR,"2 - Huesa, Marta Isabel",Diputados Nacionales
Neuquén,UNION POPULAR,"3 - Noriega, Ramon Angel",Diputados Nacionales
Río Negro,FRENTE PARA LA VICTORIA,"1 - Pichetto, Miguel Angel",Senadores Nacionales
Río Negro,FRENTE PARA LA VICTORIA,"1 - Soria, Maria Emilia",Diputados Nacionales
Río Negro,FRENTE PARA LA VICTORIA,"2 - Garcia Larraburu, Silvina Marcela",Senadores Nacionales
Río Negro,FRENTE PARA LA VICTORIA,"2 - Bardeggia, Luis Maria",Diputados Nacionales
Río Negro,FRENTE PROGRESISTA,"1 - Odarda, Maria Magdalena",Senadores Nacionales
Río Negro,FRENTE PROGRESISTA,"1 - Alvarez, Mario Nestor",Diputados Nacionales
Río Negro,FRENTE PROGRESISTA,"2 - Rodriguez Duch, Dario Raul",Senadores Nacionales
Río Negro,FRENTE PROGRESISTA,"2 - Villena, Claudia Ceferina",Diputados Nacionales
Río Negro,OBRERO,"1 - Gonzalez Dardik, Norma Alicia",Senadores Nacionales
Río Negro,OBRERO,"1 - Quintillan, Amalia",Diputados Nacionales
Río Negro,OBRERO,"2 - Rivero, Hector Horacio",Senadores Nacionales
Río Negro,OBRERO,"2 - Sanchez, Rodolfo Daniel",Diputados Nacionales
Río Negro,UNION CIVICA RADICAL,"1 - Saiz, Miguel Angel",Senadores Nacionales
Río Negro,UNION CIVICA RADICAL,"1 - Lopez Asenia, Yasmin Andrea",Diputados Nacionales
Río Negro,UNION CIVICA RADICAL,"2 - Fluriach, Maria De Las Mercedes",Senadores Nacionales
Río Negro,UNION CIVICA RADICAL,"2 - Budumir, Marcos Alberto",Diputados Nacionales
Salta,DE LA VICTORIA,"1 - Leavy, Sergio Napoleon",Diputados Nacionales
Salta,DE LA VICTORIA,"2 - Navarro, Alejandra Beatriz",Diputados Nacionales
Salta,DE LA VICTORIA,"3 - Justiniano, Jaime",Diputados Nacionales
Salta,FRENTE PARA LA VICTORIA,"1 - Urtubey, Rodolfo Julio",Senadores Nacionales
Salta,FRENTE PARA LA VICTORIA,"2 - Fiore Viñuales, Maria Cristina Del Valle",Senadores Nacionales
Salta,FRENTE PLURAL,"1 - Posadas, Carlos Federico",Diputados Nacionales
Salta,FRENTE PLURAL,"2 - Carrizo, Sandra Violeta",Diputados Nacionales
Salta,FRENTE PLURAL,"3 - Gorbal Mitanos, Ruben Orlando",Diputados Nacionales
Salta,FRENTE POPULAR SALTEÑO,"1 - Romero, Juan Carlos",Senadores Nacionales
Salta,FRENTE POPULAR SALTEÑO,"1 - Durand Cornejo, Guillermo",Diputados Nacionales
Salta,FRENTE POPULAR SALTEÑO,"2 - Escudero, Sonia Margarita",Senadores Nacionales
Salta,FRENTE POPULAR SALTEÑO,"2 - Sansone Leavy, Maria Teresita",Diputados Nacionales
Salta,FRENTE POPULAR SALTEÑO,"3 - Montoya, Jorge Nelson",Diputados Nacionales
Salta,JUSTICIALISTA,"1 - Isa, Evita Nelida",Diputados Nacionales
Salta,JUSTICIALISTA,"2 - Dantur, Gustavo Bernardo",Diputados Nacionales
Salta,JUSTICIALISTA,"3 - Marinaro Rodo, Angel Francisco",Diputados Nacionales
Salta,MEMORIA Y MOVILIZACION SOCIAL,"1 - Viel, Pablo Cesar",Diputados Nacionales
Salta,MEMORIA Y MOVILIZACION SOCIAL,"2 - Corvalan, Norma Beatriz",Diputados Nacionales
Salta,MEMORIA Y MOVILIZACION SOCIAL,"3 - Aragon, Ramiro",Diputados Nacionales
Salta,MOVIMIENTO INDEPENDIENTE JUSTICIA Y DIGNIDAD,"1 - Ibarra, Jose Antonio",Diputados Nacionales
Salta,MOVIMIENTO INDEPENDIENTE JUSTICIA Y DIGNIDAD,"2 - Fernandez, Rossana Miriam",Diputados Nacionales
Salta,MOVIMIENTO INDEPENDIENTE JUSTICIA Y DIGNIDAD,"3 - Agüero, Victor Rene",Diputados Nacionales
Salta,MOVIMIENTO SOCIALISTA DE LOS TRABAJADORES,"1 - Zacarias, Rodolfo Miguel",Senadores Nacionales
Salta,MOVIMIENTO SOCIALISTA DE LOS TRABAJADORES,"1 - Gomez, Cecilia",Diputados Nacionales
Salta,MOVIMIENTO SOCIALISTA DE LOS TRABAJADORES,"2 - Diaz, Monica Silvana",Senadores Nacionales
Salta,MOVIMIENTO SOCIALISTA DE LOS TRABAJADORES,"2 - Nieva, Juan Narciso",Diputados Nacionales
Salta,MOVIMIENTO SOCIALISTA DE LOS TRABAJADORES,"3 - Santillan, Carlos Humberto",Diputados Nacionales
Salta,OBRERO,"1 - Foffani, Cristina Ines",Senadores Nacionales
Salta,OBRERO,"1 - Lopez, Pablo Sebastian",Diputados Nacionales
Salta,OBRERO,"2 - Torres, Pastor Ruben",Senadores Nacionales
Salta,OBRERO,"2 - Martin, Marta Sofia",Diputados Nacionales
Salta,OBRERO,"3 - Duran, Mariano Emanuel",Diputados Nacionales
Salta,RENOVADOR DE SALTA,"1 - Costas Zottos, Miguel Andres",Senadores Nacionales
Salta,RENOVADOR DE SALTA,"1 - Gramaglia, Roberto Enrique",Diputados Nacionales
Salta,RENOVADOR DE SALTA,"2 - Gallo Barrantes, Maria Teresa",Senadores Nacionales
Salta,RENOVADOR DE SALTA,"2 - Ceballos, Fani Azucena",Diputados Nacionales
Salta,RENOVADOR DE SALTA,"3 - Gauffin, Jose Miguel",Diputados Nacionales
Salta,SALTA SOMOS TODOS,"1 - Olmedo, Alfredo Horacio",Senadores Nacionales
Salta,SALTA SOMOS TODOS,"1 - Singh Kaur, Bibiana Yasbel",Diputados Nacionales
Salta,SALTA SOMOS TODOS,"2 - Riquelme, Teodora Ramona",Senadores Nacionales
Salta,SALTA SOMOS TODOS,"2 - Zapata, Carlos Raul",Diputados Nacionales
Salta,SALTA SOMOS TODOS,"3 - Celeste, Roxana Elizabeth",Diputados Nacionales
Salta,UNION POR LA REPUBLICA - FRENTE POR LA JUSTICIA,"1 - Biella Calvet, Bernardo Jose",Senadores Nacionales
Salta,UNION POR LA REPUBLICA - FRENTE POR LA JUSTICIA,"1 - Vargas, Claudia Silvina",Diputados Nacionales
Salta,UNION POR LA REPUBLICA - FRENTE POR LA JUSTICIA,"2 - Cornejo, Virginia Maria",Senadores Nacionales
Salta,UNION POR LA REPUBLICA - FRENTE POR LA JUSTICIA,"2 - Morello, Carlos Fernando",Diputados Nacionales
Salta,UNION POR LA REPUBLICA - FRENTE POR LA JUSTICIA,"3 - Lopez, Virginia Del Valle",Diputados Nacionales
San Juan,ALIANZA COMPROMISO FEDERAL,"1 - Caceres Gimenez, Eduardo Augusto",Diputados Nacionales
San Juan,ALIANZA COMPROMISO FEDERAL,"2 - Martinazzo Ferrer, Maria Gimena",Diputados Nacionales
San Juan,ALIANZA COMPROMISO FEDERAL,"3 - Salinas Perez, Angel Eduardo",Diputados Nacionales
San Juan,ALIANZA FRENTE DEL PUEBLO,"1 - Agüero, Alberto Ignacio",Diputados Nacionales
San Juan,ALIANZA FRENTE DEL PUEBLO,"2 - Garrido, Maria Margarita",Diputados Nacionales
San Juan,ALIANZA FRENTE DEL PUEBLO,"3 - Valle, Vanesa Analia",Diputados Nacionales
San Juan,CRUZADA RENOVADORA,"1 - Avelin, Nancy Barbarita",Diputados Nacionales
San Juan,CRUZADA RENOVADORA,"2 - Arancibia, Marcelo Alberto",Diputados Nacionales
San Juan,CRUZADA RENOVADORA,"3 - Villanova, Gerardo Alejandro",Diputados Nacionales
San Juan,DIGNIDAD CIUDADANA,"1 - Sanchez, Alberto Manuel",Diputados Nacionales
San Juan,DIGNIDAD CIUDADANA,"2 - Pontoriero , Martha Sandra",Diputados Nacionales
San Juan,DIGNIDAD CIUDADANA,"3 - Marun Sanchez, Ricardo Javier",Diputados Nacionales
San Juan,FRENTE PARA LA VICTORIA,"1 - Tomas, Daniel Hector",Diputados Nacionales
San Juan,FRENTE PARA LA VICTORIA,"2 - Ferra, Margarita",Diputados Nacionales
San Juan,FRENTE PARA LA VICTORIA,"3 - Chanampa, Andres Horacio",Diputados Nacionales
San Juan,IZQUIERDA POR UNA OPCION SOCIALISTA,"1 - Cimino, Gloria Graciela",Diputados Nacionales
San Juan,IZQUIERDA POR UNA OPCION SOCIALISTA,"2 - Avila, Jorge Anselmo",Diputados Nacionales
San Juan,IZQUIERDA POR UNA OPCION SOCIALISTA,"3 - Flores , Angelica Josefina",Diputados Nacionales
San Juan,UNION CIVICA RADICAL,"1 - Dominguez, Hugo Javier",Diputados Nacionales
San Juan,UNION CIVICA RADICAL,"2 - Aracena Ruzycki, Marina",Diputados Nacionales
San Juan,UNION CIVICA RADICAL,"3 - Estevez Gil, Raul Antonio",Diputados Nacionales
San Luis,COMPROMISO FEDERAL,"1 - Arenas, Berta Hortensia",Diputados Nacionales
San Luis,COMPROMISO FEDERAL,"2 - Salino, Fernando Aldo",Diputados Nacionales
San Luis,COMPROMISO FEDERAL,"3 - Lusquiños, Luis Bernardo",Diputados Nacionales
San Luis,DEMOCRATA INDEPENDIENTE,"1 - Barbeito, Juan Cristobal",Diputados Nacionales
San Luis,DEMOCRATA INDEPENDIENTE,"2 - Perez, Nilda Beatriz Garcia",Diputados Nacionales
San Luis,DEMOCRATA INDEPENDIENTE,"3 - Bernardis, Raul Edi",Diputados Nacionales
San Luis,FRENTE PARA LA VICTORIA,"1 - Niño Piguillem, Cristian Pablo Marcelo",Diputados Nacionales
San Luis,FRENTE PARA LA VICTORIA,"2 - Ojeda, Maria Eva",Diputados Nacionales
San Luis,FRENTE PARA LA VICTORIA,"3 - Temoli, Gaston Enrique",Diputados Nacionales
San Luis,"FRENTE PROGRESISTA, CIVICO Y SOCIAL","1 - Riccardo, Jose Luis",Diputados Nacionales
San Luis,"FRENTE PROGRESISTA, CIVICO Y SOCIAL","2 - Tadey, Silvia Isabel",Diputados Nacionales
San Luis,"FRENTE PROGRESISTA, CIVICO Y SOCIAL","3 - Gerbesi, Graciela Mabel",Diputados Nacionales
Santa Cruz,FRENTE PARA LA VICTORIA,"1 - Gómez Bull, Mauricio Ricardo",Diputados Nacionales
Santa Cruz,FRENTE PARA LA VICTORIA,"2 - Urricelqui, Ana María",Diputados Nacionales
Santa Cruz,FRENTE PARA LA VICTORIA,"3 - Belloni, Héctor Javier",Diputados Nacionales
Santa Cruz,JUSTICIALISTA,"1 - Beroiza, Argentina Nieves",Diputados Nacionales
Santa Cruz,JUSTICIALISTA,"2 - Batarev, Juan Carlos",Diputados Nacionales
Santa Cruz,JUSTICIALISTA,"3 - Victoria, Alejandro Guillermo",Diputados Nacionales
Santa Cruz,MOVIMIENTO SOCIALISTA DE LOS TRABAJADORES,"1 - Poliak, Emilio Alejandro",Diputados Nacionales
Santa Cruz,MOVIMIENTO SOCIALISTA DE LOS TRABAJADORES,"2 - Rañil, Celia Isabel",Diputados Nacionales
Santa Cruz,MOVIMIENTO SOCIALISTA DE LOS TRABAJADORES,"3 - Rotman, Silvio Gabriel",Diputados Nacionales
Santa Cruz,OBRERO,"1 - Latini, Omar Daniel",Diputados Nacionales
Santa Cruz,OBRERO,"2 - Ramos, Elida Liliana",Diputados Nacionales
Santa Cruz,OBRERO,"3 - Valentin, Juan Manuel",Diputados Nacionales
Santa Cruz,UNION PARA VIVIR MEJOR,"1 - Costa, Eduardo Raúl",Diputados Nacionales
Santa Cruz,UNION PARA VIVIR MEJOR,"2 - Toledo, Susana María",Diputados Nacionales
Santa Cruz,UNION PARA VIVIR MEJOR,"3 - Gómez, Adela Margarita",Diputados Nacionales
Santa Fe,FRENTE DE IZQUIERDA Y DE LOS TRABAJADORES,"1 - Crivaro, Octavio",Diputados Nacionales
Santa Fe,FRENTE DE IZQUIERDA Y DE LOS TRABAJADORES,"2 - Remondino, Maria Silvia",Diputados Nacionales
Santa Fe,FRENTE DE IZQUIERDA Y DE LOS TRABAJADORES,"3 - Sancevich, Sebastian",Diputados Nacionales
Santa Fe,FRENTE DE IZQUIERDA Y DE LOS TRABAJADORES,"4 - Rodriguez, Cecilia",Diputados Nacionales
Santa Fe,FRENTE DE IZQUIERDA Y DE LOS TRABAJADORES,"5 - Blanco, Carlos",Diputados Nacionales
Santa Fe,FRENTE DE IZQUIERDA Y DE LOS TRABAJADORES,"6 - Hernandez, Oscar",Diputados Nacionales
Santa Fe,FRENTE DE IZQUIERDA Y DE LOS TRABAJADORES,"7 - Bernasconi, Mariana",Diputados Nacionales
Santa Fe,FRENTE DE IZQUIERDA Y DE LOS TRABAJADORES,"8 - Vallejo, Pablo",Diputados Nacionales
Santa Fe,FRENTE DE IZQUIERDA Y DE LOS TRABAJADORES,"9 - Bernasconi, Juan Carlos",Diputados Nacionales
Santa Fe,FRENTE PARA LA VICTORIA,"1 - Obeid, Jorge Alberto",Diputados Nacionales
Santa Fe,FRENTE PARA LA VICTORIA,"2 - Gonzalez, Josefina Victoria",Diputados Nacionales
Santa Fe,FRENTE PARA LA VICTORIA,"3 - Seminara, Eduardo Jorge",Diputados Nacionales
Santa Fe,FRENTE PARA LA VICTORIA,"4 - Luciani, Romina Lelis",Diputados Nacionales
Santa Fe,FRENTE PARA LA VICTORIA,"5 - Paulon, Victorio Dante",Diputados Nacionales
Santa Fe,FRENTE PARA LA VICTORIA,"6 - Zorzon, Amado Abel",Diputados Nacionales
Santa Fe,FRENTE PARA LA VICTORIA,"7 - Freyre, Jose Luis",Diputados Nacionales
Santa Fe,FRENTE PARA LA VICTORIA,"8 - Barrappa, Evangelina",Diputados Nacionales
Santa Fe,FRENTE PARA LA VICTORIA,"9 - Barbini, Cristian Hector",Diputados Nacionales
Santa Fe,FRENTE PROGRESISTA CIVICO Y SOCIAL,"1 - Binner, Hermes Juan",Diputados Nacionales
Santa Fe,FRENTE PROGRESISTA CIVICO Y SOCIAL,"2 - Barletta, Mario Domingo",Diputados Nacionales
Santa Fe,FRENTE PROGRESISTA CIVICO Y SOCIAL,"3 - Ciciliani, Alicia Mabel",Diputados Nacionales
Santa Fe,FRENTE PROGRESISTA CIVICO Y SOCIAL,"4 - Javkin, Pablo Lautaro",Diputados Nacionales
Santa Fe,FRENTE PROGRESISTA CIVICO Y SOCIAL,"5 - Copes, Ana Isabel",Diputados Nacionales
Santa Fe,FRENTE PROGRESISTA CIVICO Y SOCIAL,"6 - Gregoret, Hector Delfino",Diputados Nacionales
Santa Fe,FRENTE PROGRESISTA CIVICO Y SOCIAL,"7 - Hynes, Erica Rut",Diputados Nacionales
Santa Fe,FRENTE PROGRESISTA CIVICO Y SOCIAL,"8 - Montaño, Noelia Paulina",Diputados Nacionales
Santa Fe,FRENTE PROGRESISTA CIVICO Y SOCIAL,"9 - Sosa, Gabriela Adelina",Diputados Nacionales
Santa Fe,NUEVA IZQUIERDA,"1 - Parlante, Alejandro Mariano",Diputados Nacionales
Santa Fe,NUEVA IZQUIERDA,"2 - Meier, Mercedes",Diputados Nacionales
Santa Fe,NUEVA IZQUIERDA,"3 - Molinas, Luis Oscar",Diputados Nacionales
Santa Fe,NUEVA IZQUIERDA,"4 - Sosa, María Jimena",Diputados Nacionales
Santa Fe,NUEVA IZQUIERDA,"5 - Silvetti, Sandra Emilce",Diputados Nacionales
Santa Fe,NUEVA IZQUIERDA,"6 - Rosas, Adolfo Noeberto",Diputados Nacionales
Santa Fe,NUEVA IZQUIERDA,"7 - Peralta, Claudia Myriam",Diputados Nacionales
Santa Fe,NUEVA IZQUIERDA,"8 - Corizzo, Javier Facundo",Diputados Nacionales
Santa Fe,NUEVA IZQUIERDA,"9 - Rios, Maria Ines",Diputados Nacionales
Santa Fe,SANTAFESINO CIEN POR CIENTO,"1 - Carignano, Raul Eduardo",Diputados Nacionales
Santa Fe,SANTAFESINO CIEN POR CIENTO,"2 - Maiorana, Sandra Beatriz",Diputados Nacionales
Santa Fe,SANTAFESINO CIEN POR CIENTO,"3 - Aeberhard, Marcela Leonor",Diputados Nacionales
Santa Fe,SANTAFESINO CIEN POR CIENTO,"4 - Porcelli, Veronica Cristina De Baro Graf",Diputados Nacionales
Santa Fe,SANTAFESINO CIEN POR CIENTO,"5 - Huser, Cristian Marcelo",Diputados Nacionales
Santa Fe,SANTAFESINO CIEN POR CIENTO,"6 - Martinez, Natalia Veronica",Diputados Nacionales
Santa Fe,SANTAFESINO CIEN POR CIENTO,"7 - Piaggo, Maria Candela",Diputados Nacionales
Santa Fe,SANTAFESINO CIEN POR CIENTO,"8 - Kahlow, German Alcides Osvaldo",Diputados Nacionales
Santa Fe,SANTAFESINO CIEN POR CIENTO,"9 - Vega, Bernardo Dario",Diputados Nacionales
Santa Fe,UNION PRO SANTA FE FEDERAL,"1 - Torres Del Sel, Miguel Ignacio",Diputados Nacionales
Santa Fe,UNION PRO SANTA FE FEDERAL,"2 - Scaglia, Gisela",Diputados Nacionales
Santa Fe,UNION PRO SANTA FE FEDERAL,"3 - Spinozzi, Ricardo Adrian",Diputados Nacionales
Santa Fe,UNION PRO SANTA FE FEDERAL,"4 - Laspina, Luciano Andres",Diputados Nacionales
Santa Fe,UNION PRO SANTA FE FEDERAL,"5 - Bouza, Agustina",Diputados Nacionales
Santa Fe,UNION PRO SANTA FE FEDERAL,"6 - Colotti, Gerardo Daniel",Diputados Nacionales
Santa Fe,UNION PRO SANTA FE FEDERAL,"7 - Peñalva, Carlos Ariel",Diputados Nacionales
Santa Fe,UNION PRO SANTA FE FEDERAL,"8 - Luchesi, Susana Elsa",Diputados Nacionales
Santa Fe,UNION PRO SANTA FE FEDERAL,"9 - Nuñez, Jose Carlos",Diputados Nacionales
Santa Fe,UNITE CON FE POR LA CULTURA EDUCACION Y TRABAJO,"1 - Bonacci, Jose Alejandro",Diputados Nacionales
Santa Fe,UNITE CON FE POR LA CULTURA EDUCACION Y TRABAJO,"2 - Dwonikoski, Fani Luciana",Diputados Nacionales
Santa Fe,UNITE CON FE POR LA CULTURA EDUCACION Y TRABAJO,"3 - Kiryluk, Carlos Basilio",Diputados Nacionales
Santa Fe,UNITE CON FE POR LA CULTURA EDUCACION Y TRABAJO,"4 - Brouwer, Beatriz Ana",Diputados Nacionales
Santa Fe,UNITE CON FE POR LA CULTURA EDUCACION Y TRABAJO,"5 - Mosqueda, Paulo Abel Ramon",Diputados Nacionales
Santa Fe,UNITE CON FE POR LA CULTURA EDUCACION Y TRABAJO,"6 - Vallejo, Nanci Graciela",Diputados Nacionales
Santa Fe,UNITE CON FE POR LA CULTURA EDUCACION Y TRABAJO,"7 - Martinez, Mario Antonio",Diputados Nacionales
Santa Fe,UNITE CON FE POR LA CULTURA EDUCACION Y TRABAJO,"8 - Mendoza, Oscar Nazareno",Diputados Nacionales
Santa Fe,UNITE CON FE POR LA CULTURA EDUCACION Y TRABAJO,"9 - Scarafia, Beatriz Amelia",Diputados Nacionales
Santiago del Estero,FE,"1 - Calabrese, Antonio",Senadores Nacionales
Santiago del Estero,FE,"1 - Brue, Pedro Antonio",Diputados Nacionales
Santiago del Estero,FE,"2 - Britos, Patricia Griselda",Senadores Nacionales
Santiago del Estero,FE,"2 - Vizcarra, Emilia Del Carmen",Diputados Nacionales
Santiago del Estero,FE,"3 - Ledesma, Carlos Alberto",Diputados Nacionales
Santiago del Estero,FRENTE CIVICO POR SANTIAGO,"1 - Brue, Daniel Agustin",Senadores Nacionales
Santiago del Estero,FRENTE CIVICO POR SANTIAGO,"1 - Oliva, Cristian Rodolfo",Diputados Nacionales
Santiago del Estero,FRENTE CIVICO POR SANTIAGO,"2 - Iturrez, Ada Rosa Del Valle",Senadores Nacionales
Santiago del Estero,FRENTE CIVICO POR SANTIAGO,"2 - Abdala, Norma Amanda",Diputados Nacionales
Santiago del Estero,FRENTE CIVICO POR SANTIAGO,"3 - Juarez, Manuel Humberto",Diputados Nacionales
Santiago del Estero,FRENTE PARA LA VICTORIA,"1 - Ruiz, Hector Eduardo ""Chabay""",Senadores Nacionales
Santiago del Estero,FRENTE PARA LA VICTORIA,"1 - Nazar, Marcelo Antonino",Diputados Nacionales
Santiago del Estero,FRENTE PARA LA VICTORIA,"2 - Corradi, Ana Maria",Senadores Nacionales
Santiago del Estero,FRENTE PARA LA VICTORIA,"2 - Ortiz, Gabriela Alejandra",Diputados Nacionales
Santiago del Estero,FRENTE PARA LA VICTORIA,"3 - Baracat, Juan Manuel",Diputados Nacionales
Santiago del Estero,FRENTE POPULAR,"1 - Montenegro, Gerardo Antenor",Senadores Nacionales
Santiago del Estero,FRENTE POPULAR,"2 - Fuentes, Norma Isabel",Senadores Nacionales
Santiago del Estero,FRENTE PROGRESISTA CIVICO Y SOCIAL,"1 - Rached, Emilio Alberto",Senadores Nacionales
Santiago del Estero,FRENTE PROGRESISTA CIVICO Y SOCIAL,"1 - Griggio, Paola Anabel",Diputados Nacionales
Santiago del Estero,FRENTE PROGRESISTA CIVICO Y SOCIAL,"2 - Neme, Natalia Gabriela",Senadores Nacionales
Santiago del Estero,FRENTE PROGRESISTA CIVICO Y SOCIAL,"2 - Novara, Guillermo Antonio",Diputados Nacionales
Santiago del Estero,FRENTE PROGRESISTA CIVICO Y SOCIAL,"3 - Corbalan, Ricardo Luis",Diputados Nacionales
Santiago del Estero,IZQUIERDA POR UNA OPCION SOCIALISTA,"1 - Basualdo, Nicolas Alfonso",Senadores Nacionales
Santiago del Estero,IZQUIERDA POR UNA OPCION SOCIALISTA,"1 - Favoretti, Anisa Edith",Diputados Nacionales
Santiago del Estero,IZQUIERDA POR UNA OPCION SOCIALISTA,"2 - Bravo, Natalia Elizabeth",Senadores Nacionales
Santiago del Estero,IZQUIERDA POR UNA OPCION SOCIALISTA,"2 - Guzman Moyano, Mario Orlando",Diputados Nacionales
Santiago del Estero,IZQUIERDA POR UNA OPCION SOCIALISTA,"3 - Padilla Ramirez, Soledad Analia",Diputados Nacionales
Tierra del Fuego,ESPACIO DEMOCRATICO PARA LA VICTORIA,"1 - López, Osvaldo Ramon",Senadores Nacionales
Tierra del Fuego,ESPACIO DEMOCRATICO PARA LA VICTORIA,"1 - Chaves, Hector Horacio",Diputados Nacionales
Tierra del Fuego,ESPACIO DEMOCRATICO PARA LA VICTORIA,"2 - Ciar, Noemi Concepcion",Senadores Nacionales
Tierra del Fuego,ESPACIO DEMOCRATICO PARA LA VICTORIA,"2 - Pardo, Norma Itamar",Diputados Nacionales
Tierra del Fuego,FRENTE PARA LA VICTORIA,"1 - Bertone, Rosana Andrea",Senadores Nacionales
Tierra del Fuego,FRENTE PARA LA VICTORIA,"1 - Pérez, Martin Alejandro",Diputados Nacionales
Tierra del Fuego,FRENTE PARA LA VICTORIA,"2 - Catalán Magni, Julio Cesar",Senadores Nacionales
Tierra del Fuego,FRENTE PARA LA VICTORIA,"2 - Cuello, Daniela",Diputados Nacionales
Tierra del Fuego,GEN,"1 - Torres Saitz, Juan Antonio",Diputados Nacionales
Tierra del Fuego,GEN,"2 - Álvarez, Maria Luz",Diputados Nacionales
Tierra del Fuego,JUSTICIALISTA,"1 - Manfredotti Lanzares, Patricia",Senadores Nacionales
Tierra del Fuego,JUSTICIALISTA,"1 - García, Pablo Miguel",Diputados Nacionales
Tierra del Fuego,JUSTICIALISTA,"2 - Martínez, Esteban ""Chiquito""",Senadores Nacionales
Tierra del Fuego,JUSTICIALISTA,"2 - Arrueta, Graciela Noemi",Diputados Nacionales
Tierra del Fuego,MOVIMIENTO POPULAR FUEGUINO,"1 - Garramuño, Jorge Alberto",Senadores Nacionales
Tierra del Fuego,MOVIMIENTO POPULAR FUEGUINO,"1 - Löfler, Juan Matias",Diputados Nacionales
Tierra del Fuego,MOVIMIENTO POPULAR FUEGUINO,"2 - Boyadjian, Miriam Ruth",Senadores Nacionales
Tierra del Fuego,MOVIMIENTO POPULAR FUEGUINO,"2 - Bertotto Collazo, Gissel",Diputados Nacionales
Tierra del Fuego,MOVIMIENTO SOLIDARIO POPULAR,"1 - Martinez, Oscar Anselmo",Diputados Nacionales
Tierra del Fuego,MOVIMIENTO SOLIDARIO POPULAR,"2 - Ceballos, Maria Ofelia Carolina",Diputados Nacionales
Tierra del Fuego,POPULAR,"1 - Colazo, Mario Jorge",Senadores Nacionales
Tierra del Fuego,POPULAR,"1 - Welsch De Bairos, Edgardo",Diputados Nacionales
Tierra del Fuego,POPULAR,"2 - Cainero, Andrea Soledad",Senadores Nacionales
Tierra del Fuego,POPULAR,"2 - Navas, Maria Elena",Diputados Nacionales
Tierra del Fuego,UNION CIVICA RADICAL,"1 - Martín, Jose Maria",Senadores Nacionales
Tierra del Fuego,UNION CIVICA RADICAL,"1 - Da Fonseca, Angel Javier",Diputados Nacionales
Tierra del Fuego,UNION CIVICA RADICAL,"2 - Godoy, Silvia Gladis",Senadores Nacionales
Tierra del Fuego,UNION CIVICA RADICAL,"2 - Mallemaci, Natalia",Diputados Nacionales
Tierra del Fuego,UNION FEDERAL,"1 - Fadul Mora, Liliana",Senadores Nacionales
Tierra del Fuego,UNION FEDERAL,"1 - Ferreyra, Mario Felix",Diputados Nacionales
Tierra del Fuego,UNION FEDERAL,"2 - Vargas, Guillermo Andres",Senadores Nacionales
Tierra del Fuego,UNION FEDERAL,"2 - Biott, Ana Claudia",Diputados Nacionales
Tucumán,ALIANZA ALTERNATIVA POPULAR,"1 - Parajon, Gumersindo Manuel",Diputados Nacionales
Tucumán,ALIANZA ALTERNATIVA POPULAR,"2 - Alberstein, Clarisa",Diputados Nacionales
Tucumán,ALIANZA ALTERNATIVA POPULAR,"3 - Ruiz, Vicente Salvador",Diputados Nacionales
Tucumán,ALIANZA ALTERNATIVA POPULAR,"4 - Di Cola, Estela Haydee",Diputados Nacionales
Tucumán,FRENTE ACUERDO CIVICO Y SOCIAL,"1 - Cano, Jose Manuel",Diputados Nacionales
Tucumán,FRENTE ACUERDO CIVICO Y SOCIAL,"2 - Elias De Perez, Silvia Beatriz",Diputados Nacionales
Tucumán,FRENTE ACUERDO CIVICO Y SOCIAL,"3 - Casañas, Juan Francisco",Diputados Nacionales
Tucumán,FRENTE ACUERDO CIVICO Y SOCIAL,"4 - Masso, Federico Augusto",Diputados Nacionales
Tucumán,FRENTE DE IZQUIERDA Y DE LOS TRABAJADORES,"1 - Blanco, Daniel Nelson",Diputados Nacionales
Tucumán,FRENTE DE IZQUIERDA Y DE LOS TRABAJADORES,"2 - Zorzoli, Maria Azul",Diputados Nacionales
Tucumán,FRENTE DE IZQUIERDA Y DE LOS TRABAJADORES,"3 - Correa Tejerizo, Jose Martin",Diputados Nacionales
Tucumán,FRENTE DE IZQUIERDA Y DE LOS TRABAJADORES,"4 - Veliz, Juan Luis",Diputados Nacionales
Tucumán,FRENTE PARA LA VICTORIA,"1 - Manzur, Juan Luis",Diputados Nacionales
Tucumán,FRENTE PARA LA VICTORIA,"2 - Jaldo, Osvaldo Francisco",Diputados Nacionales
Tucumán,FRENTE PARA LA VICTORIA,"3 - Carrizo, Nilda Mabel",Diputados Nacionales
Tucumán,FRENTE PARA LA VICTORIA,"4 - Del Valle Gallardo, Miriam Graciela",Diputados Nacionales
Tucumán,FUERZA REPUBLICANA,"1 - Bussi, Ricardo Argentino",Diputados Nacionales
Tucumán,FUERZA REPUBLICANA,"2 - Viña, Claudio Daniel",Diputados Nacionales
Tucumán,FUERZA REPUBLICANA,"3 - Lucena, Susana Guillermina",Diputados Nacionales
Tucumán,FUERZA REPUBLICANA,"4 - Robles, Mercedes Dora",Diputados Nacionales
Tucumán,LABORISTA DE LA INDEPENDENCIA,"1 - Garcia Hamilton, Bernardo",Diputados Nacionales
Tucumán,LABORISTA DE LA INDEPENDENCIA,"2 - Bianco, Dora Isabel",Diputados Nacionales
Tucumán,LABORISTA DE LA INDEPENDENCIA,"3 - Jerez, Esteban Eduardo",Diputados Nacionales
Tucumán,LABORISTA DE LA INDEPENDENCIA,"4 - Arias, Víctor Hugo",Diputados Nacionales
Tucumán,PRO PROPUESTA REPUBLICANA,"1 - Colombres Garmendia, Alberto",Diputados Nacionales
Tucumán,PRO PROPUESTA REPUBLICANA,"2 - Costa, Maria Laura",Diputados Nacionales
Tucumán,PRO PROPUESTA REPUBLICANA,"3 - Bleckwedel, Pablo",Diputados Nacionales
Tucumán,PRO PROPUESTA REPUBLICANA,"4 - Diosquez Dupuy, Miguel Angel",Diputados Nacionales